/*
 Navicat Premium Data Transfer

 Source Server         : 本地
 Source Server Type    : MySQL
 Source Server Version : 50729
 Source Host           : localhost:3306
 Source Schema         : blog

 Target Server Type    : MySQL
 Target Server Version : 50729
 File Encoding         : 65001

 Date: 24/10/2020 10:17:59
*/

SET NAMES utf8mb4;
SET FOREIGN_KEY_CHECKS = 0;

-- ----------------------------
-- Table structure for account_log
-- ----------------------------
DROP TABLE IF EXISTS `account_log`;
CREATE TABLE `account_log` (
  `log_id` mediumint(8) unsigned NOT NULL AUTO_INCREMENT,
  `user_id` char(20) NOT NULL DEFAULT '0' COMMENT '用户user_id',
  `amount` decimal(10,2) NOT NULL DEFAULT '0.00' COMMENT '用户该笔记录的余额',
  `type` tinyint(3) unsigned NOT NULL DEFAULT '0' COMMENT '0为充值,1,为提现,',
  `token` varchar(100) CHARACTER SET utf8mb4 NOT NULL COMMENT 'token',
  `remark` varchar(255) NOT NULL DEFAULT '' COMMENT '备注',
  `created_at` datetime DEFAULT NULL COMMENT '创建时间',
  `updated_at` datetime DEFAULT NULL,
  PRIMARY KEY (`log_id`) USING BTREE,
  UNIQUE KEY `user_id` (`user_id`) USING BTREE
) ENGINE=InnoDB DEFAULT CHARSET=utf8 COMMENT='日志表';

-- ----------------------------
-- Records of account_log
-- ----------------------------
BEGIN;
COMMIT;

-- ----------------------------
-- Table structure for admin_operate_log
-- ----------------------------
DROP TABLE IF EXISTS `admin_operate_log`;
CREATE TABLE `admin_operate_log` (
  `id` int(10) unsigned NOT NULL AUTO_INCREMENT,
  `user_id` int(10) unsigned NOT NULL DEFAULT '0',
  `username` varchar(45) NOT NULL DEFAULT '' COMMENT '操作者名',
  `action` varchar(255) NOT NULL DEFAULT '' COMMENT '操作',
  `action_uri` varchar(100) NOT NULL DEFAULT '' COMMENT '动作的uri',
  `resource_id` varchar(45) NOT NULL DEFAULT '' COMMENT '对象id',
  `result` varchar(3000) NOT NULL DEFAULT '' COMMENT '操作结果',
  `more_info` varchar(3000) NOT NULL DEFAULT '' COMMENT '更多信息',
  `created_at` datetime DEFAULT NULL COMMENT '创建时间',
  `updated_at` datetime DEFAULT NULL,
  PRIMARY KEY (`id`),
  KEY `username_idx` (`username`) USING BTREE,
  KEY `actionuri_idx` (`action_uri`) USING BTREE,
  KEY `resoureid_idx` (`resource_id`) USING BTREE
) ENGINE=InnoDB AUTO_INCREMENT=56 DEFAULT CHARSET=utf8 ROW_FORMAT=DYNAMIC;

-- ----------------------------
-- Records of admin_operate_log
-- ----------------------------
BEGIN;
INSERT INTO `admin_operate_log` VALUES (1, 1, 'admin', '启用用户', 'user/index/operation', '1', '操作成功', '{\"ip\":\"127.0.0.1\",\"headers\":{\"cookie\":[\"XSRF-TOKEN=eyJpdiI6ImJRVGZrQzMxbkYrY3BxT1ZJMjY3WkE9PSIsInZhbHVlIjoiM1gxaE9ZRXFBUnJkNzFGSUJwUDB5OUxPK1AxWEhjeG1tWkU5RlwvaEJ5OSs1Q2R4M3M0SGlFYWd1cklTNTREMkEiLCJtYWMiOiI2YTg2YTM1ZWE0MzU0YWZkODZmMjBiMDZjZTEyMTExZDY2MGUwNjIzYmFiMDRhYzAzNzc1NWM1NjE3MWYwOGUxIn0%3D; hoteloms_session=eyJpdiI6IlBjR3ExMUtwQUsyc01XdDR5U01JM2c9PSIsInZhbHVlIjoick9HR2FrVFpmRWpnQnorOGs5aUxrNWhNc2lcL3VtTG45dmd3WklzVXZGMWJXR2xnS3Z4dHhnZlNJUnlVS2hhcUciLCJtYWMiOiIyNjJkNGZjYTBiODMyOTdiMTQ1YmJkM2U0ZDczN2U2NjlhMzFmYmMyNWQ4MmJjM2Y5OGMyMzY2YWQ3NjE0ZGY3In0%3D\"],\"accept-language\":[\"zh-CN,zh;q=0.9,en;q=0.8\"],\"accept-encoding\":[\"gzip, deflate\"],\"referer\":[\"http:\\/\\/local.cms.com\\/user\\/index\"],\"origin\":[\"http:\\/\\/local.cms.com\"],\"content-type\":[\"application\\/x-www-form-urlencoded; charset=UTF-8\"],\"user-agent\":[\"Mozilla\\/5.0 (Macintosh; Intel Mac OS X 10_15_6) AppleWebKit\\/537.36 (KHTML, like Gecko) Chrome\\/85.0.4183.83 Safari\\/537.36\"],\"x-requested-with\":[\"XMLHttpRequest\"],\"x-csrf-token\":[\"e05lLhzBZ6UshdudKxi4rxQVwMErvybzTAXL8HV3\"],\"accept\":[\"application\\/json, text\\/javascript, *\\/*; q=0.01\"],\"content-length\":[\"4\"],\"connection\":[\"keep-alive\"],\"host\":[\"local.cms.com\"]},\"input\":{\"id\":\"1\"}}', '2020-09-02 11:42:47', NULL);
INSERT INTO `admin_operate_log` VALUES (2, 1, 'admin', '冻结用户', 'user/index/operation', '1', '操作成功', '{\"ip\":\"127.0.0.1\",\"headers\":{\"cookie\":[\"XSRF-TOKEN=eyJpdiI6InhzYkhldTJ5dEhqTU9lTGNiWEEyMXc9PSIsInZhbHVlIjoiN1p0eDNmZGUxY296bnlHSGJLUnlQZStQUmw3WnJ0YVBCOExSdGltUERlK1EwaGR0RnMwWW1BUDluVnA4UlRSVSIsIm1hYyI6ImY2MzA2N2Y4ZWJjYjBlMGFhNzhjNDM1NWZlZmYxZWFiYmQyNDEwNjFkMjFkZDIxMTRiZjM2OWFmNDAyMDg5YzkifQ%3D%3D; hoteloms_session=eyJpdiI6IlV2S0FDOTNUTW5lMGRxanpvQ21idGc9PSIsInZhbHVlIjoiQnpWd3hPSEE5SFlFQzJBa1QrTlBadEVzYzJab213UGxcL1EyZ0c0Q3c4cWFlVUt5TGZNMUVEaVZGQTh2MUZXdjQiLCJtYWMiOiIwN2JmNzdjOGI2OWE2ZDJiMGY5OWM3NmU5NGIxOGIxNDUyNTdmMDY2ZmE4Y2NiNmQ0Y2JmZmFhYTIxNGEwNDBiIn0%3D\"],\"accept-language\":[\"zh-CN,zh;q=0.9,en;q=0.8\"],\"accept-encoding\":[\"gzip, deflate\"],\"referer\":[\"http:\\/\\/local.cms.com\\/user\\/index\"],\"origin\":[\"http:\\/\\/local.cms.com\"],\"content-type\":[\"application\\/x-www-form-urlencoded; charset=UTF-8\"],\"user-agent\":[\"Mozilla\\/5.0 (Macintosh; Intel Mac OS X 10_15_6) AppleWebKit\\/537.36 (KHTML, like Gecko) Chrome\\/85.0.4183.83 Safari\\/537.36\"],\"x-requested-with\":[\"XMLHttpRequest\"],\"x-csrf-token\":[\"e05lLhzBZ6UshdudKxi4rxQVwMErvybzTAXL8HV3\"],\"accept\":[\"application\\/json, text\\/javascript, *\\/*; q=0.01\"],\"content-length\":[\"4\"],\"connection\":[\"keep-alive\"],\"host\":[\"local.cms.com\"]},\"input\":{\"id\":\"1\"}}', '2020-09-02 11:42:49', NULL);
INSERT INTO `admin_operate_log` VALUES (3, 1, 'admin', '修改分类', 'content/category/edit', '2', '操作成功', '{\"ip\":\"127.0.0.1\",\"headers\":{\"cookie\":[\"XSRF-TOKEN=eyJpdiI6IlZtT3JrZWVCeHZ2NXpDNDBRNkxzUGc9PSIsInZhbHVlIjoiOFFubTg0ODlYcWRpVk1wYlgzRHVBMWJwTU1lQytrbUpBelRDYWlYOGcyTFdtN096Wk5mQ003eEdya1wvbTVoVVMiLCJtYWMiOiIxYjJhNjUwOTNkOTFhNTgwZGQzY2Q4YTEyZTZkMjc5ZjZiYjc5NTFhN2M5ODU2MTM2NTUyMzViZDgwMjdkZjZlIn0%3D; hoteloms_session=eyJpdiI6IkpcL0JtMWtManNEcUpwS1pUT2ZqbWd3PT0iLCJ2YWx1ZSI6IlJDZDR1bVNSMVkzZHgrTHZJcm5QYjRoTUVMSThoUmE3UXN4QWNmYjBcL1hLS2NJS3BIZ3NsTlgrXC9cL28xdWtmT1kiLCJtYWMiOiJiOGRjM2E1NzhmZWRjYjU2MGE0OWI3YzBmODM2ZjQxZjA4NGMxODQ0MjZmMThiNzEwYTM3ZTA1YjAyMTU2ZjA2In0%3D\"],\"accept-language\":[\"zh-CN,zh;q=0.9,en;q=0.8\"],\"accept-encoding\":[\"gzip, deflate\"],\"referer\":[\"http:\\/\\/local.cms.com\\/content\\/category\\/index\"],\"origin\":[\"http:\\/\\/local.cms.com\"],\"content-type\":[\"application\\/x-www-form-urlencoded; charset=UTF-8\"],\"user-agent\":[\"Mozilla\\/5.0 (Macintosh; Intel Mac OS X 10_15_6) AppleWebKit\\/537.36 (KHTML, like Gecko) Chrome\\/85.0.4183.83 Safari\\/537.36\"],\"x-requested-with\":[\"XMLHttpRequest\"],\"x-csrf-token\":[\"e05lLhzBZ6UshdudKxi4rxQVwMErvybzTAXL8HV3\"],\"accept\":[\"application\\/json, text\\/javascript, *\\/*; q=0.01\"],\"content-length\":[\"70\"],\"connection\":[\"keep-alive\"],\"host\":[\"local.cms.com\"]},\"input\":{\"parent_id\":\"1\",\"name\":\"\\u4e2d\\u6750111\",\"keywords\":\"aaa\",\"desc\":\"aaaa\",\"status\":\"2\",\"id\":\"2\"}}', '2020-09-02 11:43:15', NULL);
INSERT INTO `admin_operate_log` VALUES (4, 1, 'admin', '启用用户', 'user/index/operation', '1', '操作成功', '{\"ip\":\"127.0.0.1\",\"headers\":{\"cookie\":[\"XSRF-TOKEN=eyJpdiI6Ik5lKzBwMEFuOTIwYTNicFwvbDZiU09RPT0iLCJ2YWx1ZSI6IlN5TUd3ZFVSK3F5OTljM2FDYklTUSt2dk5vR3J6SzBvMlI0bWpGK0RLK05yUlZZb21YYjh6RWRkU2dJUkh0bVMiLCJtYWMiOiJmMGIwNGEzMGI0MGRjZjZkMDgzOGMwMzgwZTMyYzkxNjIzNTY4NDcxZjkwYjRlOTNiNWU3ZWY1ZWM3YWQzYmI0In0%3D; hoteloms_session=eyJpdiI6InAzWklqWTZhZDcrUmw4eFBiXC9xaTJBPT0iLCJ2YWx1ZSI6InlURTQwcXZJeTE3ZVdrQVVpeEE3ZmhmME82ZFpMYUNIKzU1a3J6UHdUU05JTStlc1dWOU5rWkhDRzdWVWhLUEsiLCJtYWMiOiJhZTAwY2NmNWVkZTdjNGI0NTZjMTg1OTY0NDE0MWYxNDczNDNlMjY3OTE4MmRkN2YyYmY0MDdkZjdiMGM0OGEwIn0%3D\"],\"accept-language\":[\"zh-CN,zh;q=0.9,en;q=0.8\"],\"accept-encoding\":[\"gzip, deflate\"],\"referer\":[\"http:\\/\\/local.cms.com\\/user\\/index\"],\"origin\":[\"http:\\/\\/local.cms.com\"],\"content-type\":[\"application\\/x-www-form-urlencoded; charset=UTF-8\"],\"user-agent\":[\"Mozilla\\/5.0 (Macintosh; Intel Mac OS X 10_15_6) AppleWebKit\\/537.36 (KHTML, like Gecko) Chrome\\/85.0.4183.83 Safari\\/537.36\"],\"x-requested-with\":[\"XMLHttpRequest\"],\"x-csrf-token\":[\"e05lLhzBZ6UshdudKxi4rxQVwMErvybzTAXL8HV3\"],\"accept\":[\"application\\/json, text\\/javascript, *\\/*; q=0.01\"],\"content-length\":[\"4\"],\"connection\":[\"keep-alive\"],\"host\":[\"local.cms.com\"]},\"input\":{\"id\":\"1\"}}', '2020-09-02 11:44:14', NULL);
INSERT INTO `admin_operate_log` VALUES (5, 1, 'admin', '添加分类', 'content/slide/create', '', '操作成功', '{\"ip\":\"127.0.0.1\",\"headers\":{\"cookie\":[\"XSRF-TOKEN=eyJpdiI6InZxQWZySTNjMkVJNTRtc1ZxK2FFdXc9PSIsInZhbHVlIjoieXZITXNNZFBlNE5mSkFuNTY4WHhkRkprZHB1RHlhckJRNnFrUm9cL3JaUFE4THc1T3gyNG9rNEJhN3NvTHk1Mk8iLCJtYWMiOiI1ZDdjNzk5ODNkOWYyZmE1ODBmYzA5MjU5NjFjYmE0YmE0Mzc3YzVkYjIzMWYzNWNkMTc1MGU2YmYyM2Y4M2YxIn0%3D; hoteloms_session=eyJpdiI6Ijc1WXNveHNiWmozWG1pVWlhaEhWT0E9PSIsInZhbHVlIjoicCtHQ2VlaTNCYTBKR05WSG1VS0ZhYTRIZ0kzaGVqRitHRjYzdjVTMkkrZk83XC9qOTE2ZGNZTityOGp3dUtWOVQiLCJtYWMiOiI0OTk4YjQwYjA2NzY3ZWRmOTkyYjU3OWIyNDAyN2ZkMmVmODhkMjI3NGI2NGVmZDAzYjg5YTIzM2VlZWNhZjNlIn0%3D\"],\"accept-language\":[\"zh-CN,zh;q=0.9,en;q=0.8\"],\"accept-encoding\":[\"gzip, deflate\"],\"referer\":[\"http:\\/\\/local.cms.com\\/content\\/slide\\/index\"],\"origin\":[\"http:\\/\\/local.cms.com\"],\"content-type\":[\"application\\/x-www-form-urlencoded; charset=UTF-8\"],\"user-agent\":[\"Mozilla\\/5.0 (Macintosh; Intel Mac OS X 10_15_6) AppleWebKit\\/537.36 (KHTML, like Gecko) Chrome\\/85.0.4183.83 Safari\\/537.36\"],\"x-requested-with\":[\"XMLHttpRequest\"],\"x-csrf-token\":[\"e05lLhzBZ6UshdudKxi4rxQVwMErvybzTAXL8HV3\"],\"accept\":[\"application\\/json, text\\/javascript, *\\/*; q=0.01\"],\"content-length\":[\"171\"],\"connection\":[\"keep-alive\"],\"host\":[\"local.cms.com\"]},\"input\":{\"title\":\"\\u4e00\\u4e2a\\u730e\\u4eba\",\"url\":\"http:\\/\\/local.cms.com\\/\",\"sort\":\"999\",\"status\":\"1\",\"img\":\"\\/storage\\/20200902\\/image\\/c0251ec889475fde997c201edcbc179c6704.jpg\"}}', '2020-09-02 11:45:29', NULL);
INSERT INTO `admin_operate_log` VALUES (6, 1, 'admin', '禁用轮播图', 'content/slide/operation', '1', '操作成功', '{\"ip\":\"127.0.0.1\",\"headers\":{\"cookie\":[\"XSRF-TOKEN=eyJpdiI6IjBjM3JteFJGRiswbCtDNTRxbHI3eHc9PSIsInZhbHVlIjoib0pnQTR2RkZiSVdmZ1RSQjVsbEtybkVyb2RCZE5OeUxBWUQxa01PdEtucDQ0UzBmWTVoQSt2QnJXdlhjMXkxSiIsIm1hYyI6IjI2MWU5NWI2ZWY3ODMxZTk3YTg4NjhiZWYzNDEwZjQ5ZmQ0MjQxMGQ1MjE5OTkzZGJmNzU4YmQ0ZjdhZGQ5N2EifQ%3D%3D; hoteloms_session=eyJpdiI6Ik9kY3E1S2pLc0xYdE1lbkdPWUJpK3c9PSIsInZhbHVlIjoiQ3MrQUt5M2hObnFoR1wvdXVONXdCR1Fpd1RoVndmXC8xYjJ2WFVmQXRqTU9DQ0czckVXQ3RuOWc0U3VtNHZyQStlIiwibWFjIjoiZTViYzc2MjM0OTdjZWJhZTM2NDc1ZTM1MGFiY2MyNWViOTcxYjYxM2Y0OWNiZDg3OGUyMmYxNjdhY2IwYWQyOCJ9\"],\"accept-language\":[\"zh-CN,zh;q=0.9,en;q=0.8\"],\"accept-encoding\":[\"gzip, deflate\"],\"referer\":[\"http:\\/\\/local.cms.com\\/content\\/slide\\/index\"],\"origin\":[\"http:\\/\\/local.cms.com\"],\"content-type\":[\"application\\/x-www-form-urlencoded; charset=UTF-8\"],\"user-agent\":[\"Mozilla\\/5.0 (Macintosh; Intel Mac OS X 10_15_6) AppleWebKit\\/537.36 (KHTML, like Gecko) Chrome\\/85.0.4183.83 Safari\\/537.36\"],\"x-requested-with\":[\"XMLHttpRequest\"],\"x-csrf-token\":[\"e05lLhzBZ6UshdudKxi4rxQVwMErvybzTAXL8HV3\"],\"accept\":[\"application\\/json, text\\/javascript, *\\/*; q=0.01\"],\"content-length\":[\"4\"],\"connection\":[\"keep-alive\"],\"host\":[\"local.cms.com\"]},\"input\":{\"id\":\"1\"}}', '2020-09-02 11:45:32', NULL);
INSERT INTO `admin_operate_log` VALUES (7, 1, 'admin', '启用轮播图', 'content/slide/operation', '1', '操作成功', '{\"ip\":\"127.0.0.1\",\"headers\":{\"cookie\":[\"XSRF-TOKEN=eyJpdiI6Im91emFXWGRIalB6eDUwZXQybkM3cUE9PSIsInZhbHVlIjoiTlFCbUdVQ2kzdWMrZFUrK1dxbjQwNWZmMkN0NGU5Q0x1WmQxTjl4RlVOZHZJKytReGVJSmRLdDFHWTY5Y3FrSCIsIm1hYyI6IjQ2NWFjYWU1MmE5NDlkZTc5YmZmOWJlZjRiZDlmYmQyZjdlZjAxOTkyYzkwZDdlNWExMGFlNWE2NjA0NmQ1NDQifQ%3D%3D; hoteloms_session=eyJpdiI6IjZSQlROa0dMYXdzOU5jN0VkTmZIRGc9PSIsInZhbHVlIjoiQ21FdnAxREJtekpvTXVkODdsM2tvZUlKcDgzV3h0QTFFWG4yTzJoU1hUdWZrVmtSTDFsbk1OXC95Nmh0YzNORGYiLCJtYWMiOiJkZjk1OWU2YWJmNGQzZmVkZjk0YTc3MTk1ZTlhMjliODJiZDc0YzIyZjllMDhlMmRjOTAyMDYzMTcyMzkxZmM3In0%3D\"],\"accept-language\":[\"zh-CN,zh;q=0.9,en;q=0.8\"],\"accept-encoding\":[\"gzip, deflate\"],\"referer\":[\"http:\\/\\/local.cms.com\\/content\\/slide\\/index\"],\"origin\":[\"http:\\/\\/local.cms.com\"],\"content-type\":[\"application\\/x-www-form-urlencoded; charset=UTF-8\"],\"user-agent\":[\"Mozilla\\/5.0 (Macintosh; Intel Mac OS X 10_15_6) AppleWebKit\\/537.36 (KHTML, like Gecko) Chrome\\/85.0.4183.83 Safari\\/537.36\"],\"x-requested-with\":[\"XMLHttpRequest\"],\"x-csrf-token\":[\"e05lLhzBZ6UshdudKxi4rxQVwMErvybzTAXL8HV3\"],\"accept\":[\"application\\/json, text\\/javascript, *\\/*; q=0.01\"],\"content-length\":[\"4\"],\"connection\":[\"keep-alive\"],\"host\":[\"local.cms.com\"]},\"input\":{\"id\":\"1\"}}', '2020-09-02 11:45:35', NULL);
INSERT INTO `admin_operate_log` VALUES (8, 1, 'admin', '添加文章', 'content/article/create', '', '操作成功', '{\"ip\":\"127.0.0.1\",\"headers\":{\"cookie\":[\"XSRF-TOKEN=eyJpdiI6IkhONGFcL1MyeE1yWERSRWprcjJVaU53PT0iLCJ2YWx1ZSI6ImFKZmtOUDg0ZzB0NUQrVTk3RXV5blY1K2p4TmJDS2xUMTNSWkRvZllJMEdvRytkSkpUcEZqWEZka3pnVEFUMHQiLCJtYWMiOiJjMGIxZjgzNjRhZGY5YTQwNTZiYmFiOTliYWJlZDYyMjUxMTZjMjlhZTEyNGE3YTJhNTQ2NjVkM2I2YmEyNmE3In0%3D; hoteloms_session=eyJpdiI6ImJoMEo0bWRyOER6VGsrVElyZzJcL1lBPT0iLCJ2YWx1ZSI6IllUdmYwVGFIU3ZEVU80K1BHXC9idmY3TUNPOGFINGJPU0lHSCtvT2YreUl3Zk1LVlVhNCtcL1N6QkxqMHVyMWlFMSIsIm1hYyI6IjdiNDdjOTRkNzZhN2VjZjZiMDRkMmVhNjE2NjQxYWI5YmFkNjkwMDY0Y2YwOWJiY2YxMmI4NjU3MDM1M2I0OGIifQ%3D%3D\"],\"accept-language\":[\"zh-CN,zh;q=0.9,en;q=0.8\"],\"accept-encoding\":[\"gzip, deflate\"],\"referer\":[\"http:\\/\\/local.cms.com\\/content\\/article\\/create\"],\"origin\":[\"http:\\/\\/local.cms.com\"],\"content-type\":[\"application\\/x-www-form-urlencoded; charset=UTF-8\"],\"user-agent\":[\"Mozilla\\/5.0 (Macintosh; Intel Mac OS X 10_15_6) AppleWebKit\\/537.36 (KHTML, like Gecko) Chrome\\/85.0.4183.83 Safari\\/537.36\"],\"x-requested-with\":[\"XMLHttpRequest\"],\"x-csrf-token\":[\"e05lLhzBZ6UshdudKxi4rxQVwMErvybzTAXL8HV3\"],\"accept\":[\"application\\/json, text\\/javascript, *\\/*; q=0.01\"],\"content-length\":[\"294\"],\"connection\":[\"keep-alive\"],\"host\":[\"local.cms.com\"]},\"input\":{\"title\":\"\\u4e00\\u4e2a\\u730e\\u4eba\",\"cat_id\":\"3\",\"keywords\":\"\\u4fa7\\u4e8b\\u6545\\u7684\",\"source\":\"\\u8463\\u4e8b\\u957f\\u8001\\u9152\",\"description\":\"hjhjhj\",\"is_recommend\":\"2\",\"is_top\":\"2\",\"cover\":\"\\/storage\\/20200902\\/image\\/b883c9028eaa17cbb9552b5e661647684205.jpg\",\"content\":\"uhuyuyuygygyg\"}}', '2020-09-02 11:46:58', NULL);
INSERT INTO `admin_operate_log` VALUES (9, 1, 'admin', '推荐文章', 'content/article/recommend', '1', '操作成功', '{\"ip\":\"127.0.0.1\",\"headers\":{\"cookie\":[\"XSRF-TOKEN=eyJpdiI6InVcL3p6MnVcL2NGQ0R5b0pwZlwvSGVkd3c9PSIsInZhbHVlIjoiXC9lUmUrd0dVRktTZTRtZGhudUNVcnoxWjdtNFYzS1h1UXd6MVJWZE5mVHdGNjNXd1wvNlFaUEJRSWd3Z2VIXC9HayIsIm1hYyI6IjgwMWIzOGU0MGQwZDU5NTkxOGFmODEzNGIyMjljYzhmNzFlOWRlMjVmYWM5YTg0MDMzYzQxNzEwMTkxN2U1MTMifQ%3D%3D; hoteloms_session=eyJpdiI6ImFPTWFwMDdQZHZ2dDlBTGNCSnNNSnc9PSIsInZhbHVlIjoiWFVrb3RCQTZHajV4b3RCb2phOXRubmJIbVRaXC8xSUJ1akVmRFNGeDlBVkdXMjR3MFNjVXAyZGRHak1PaDZTSkoiLCJtYWMiOiJkZDVhNWIyMGZiZGZmN2Q2ZmVlMGM5YzAxOWFiNGFlMTA2ZDkyMThkYzI0OWE4NzUzMWMyMzI4OGJjMTNkNjFlIn0%3D\"],\"accept-language\":[\"zh-CN,zh;q=0.9,en;q=0.8\"],\"accept-encoding\":[\"gzip, deflate\"],\"referer\":[\"http:\\/\\/local.cms.com\\/content\\/article\\/index\"],\"origin\":[\"http:\\/\\/local.cms.com\"],\"content-type\":[\"application\\/x-www-form-urlencoded; charset=UTF-8\"],\"user-agent\":[\"Mozilla\\/5.0 (Macintosh; Intel Mac OS X 10_15_6) AppleWebKit\\/537.36 (KHTML, like Gecko) Chrome\\/85.0.4183.83 Safari\\/537.36\"],\"x-requested-with\":[\"XMLHttpRequest\"],\"x-csrf-token\":[\"e05lLhzBZ6UshdudKxi4rxQVwMErvybzTAXL8HV3\"],\"accept\":[\"application\\/json, text\\/javascript, *\\/*; q=0.01\"],\"content-length\":[\"4\"],\"connection\":[\"keep-alive\"],\"host\":[\"local.cms.com\"]},\"input\":{\"id\":\"1\"}}', '2020-09-02 11:47:02', NULL);
INSERT INTO `admin_operate_log` VALUES (10, 1, 'admin', '置顶文章', 'content/article/top', '1', '操作成功', '{\"ip\":\"127.0.0.1\",\"headers\":{\"cookie\":[\"XSRF-TOKEN=eyJpdiI6IjFCdEg3UldWQzZnVkI1WEpOMitGSHc9PSIsInZhbHVlIjoiUkxuRFREUG1XcTdIc2Y0amRVODJcL0tyTTljQkFFbzZvQnJxYmw1emh1MllYcVwvWHJPMlRyRlhFRVU2U2c5dHpRIiwibWFjIjoiMjUyMmU3ZTcxOTIxZTdhODAxY2EyY2RkODlkY2YxNThjZWFhNDdmZmFiODk1NWUyNTE0NDE3Mjk2ZDNmMmYyOSJ9; hoteloms_session=eyJpdiI6Imh3OFU2NFdVYkRqXC9OVHVLMGJhbzhnPT0iLCJ2YWx1ZSI6IjdpdHRTS0RBV0Fqaml6S0w2QVAwMG9UMlVoTXZVNU5qUEpodCszcThCQ1BlOElwK2RjeGRTcEVzRDhVVVI1Y2wiLCJtYWMiOiJmYTNlNTkyNTU2Yjg2YWU3N2E0NTAwNTFiOTdiYmZjOTRiMjZlNjhhYjcxNThkNzJjZjY4MzNlYWEwN2Q3ZGE0In0%3D\"],\"accept-language\":[\"zh-CN,zh;q=0.9,en;q=0.8\"],\"accept-encoding\":[\"gzip, deflate\"],\"referer\":[\"http:\\/\\/local.cms.com\\/content\\/article\\/index\"],\"origin\":[\"http:\\/\\/local.cms.com\"],\"content-type\":[\"application\\/x-www-form-urlencoded; charset=UTF-8\"],\"user-agent\":[\"Mozilla\\/5.0 (Macintosh; Intel Mac OS X 10_15_6) AppleWebKit\\/537.36 (KHTML, like Gecko) Chrome\\/85.0.4183.83 Safari\\/537.36\"],\"x-requested-with\":[\"XMLHttpRequest\"],\"x-csrf-token\":[\"e05lLhzBZ6UshdudKxi4rxQVwMErvybzTAXL8HV3\"],\"accept\":[\"application\\/json, text\\/javascript, *\\/*; q=0.01\"],\"content-length\":[\"4\"],\"connection\":[\"keep-alive\"],\"host\":[\"local.cms.com\"]},\"input\":{\"id\":\"1\"}}', '2020-09-02 11:47:04', NULL);
INSERT INTO `admin_operate_log` VALUES (11, 1, 'admin', '取消置顶文章', 'content/article/top', '1', '操作成功', '{\"ip\":\"127.0.0.1\",\"headers\":{\"cookie\":[\"XSRF-TOKEN=eyJpdiI6InlnTzR5cmJ2NGpBTXJrQnBsRlU5ZFE9PSIsInZhbHVlIjoiWlBGaEd3VDVIcUxlTXM2eUxwTFdaU3hqS0dka21ScHlQazdwZmxMaVJiWHc2aEJ6bVwvYUhkd2ljQUxjWUsxdkIiLCJtYWMiOiI4YjE4ZDYxMzhlNGQ0NjliZmI3NzFiNTU2MzdiZGEwYmQ3OTBkODRkZDc0NWRhOTBkZjFjNjFlZjZhZTU1ZDY4In0%3D; hoteloms_session=eyJpdiI6IkZTTmpiNUJZRkhkVzBrVjh0T0tjRmc9PSIsInZhbHVlIjoiUWdvXC84WHBLa2l5WGlNdnBXc0ppSnZ6ZDdHUEU0aFcxSzRTbmxudlY2Y1wvcmVTdFRWVHNWMEE4MFdYUWt1NENsIiwibWFjIjoiMzlhMWFjMWU3MTA2MjU3MGZmMjc4MDUwZjg0NDBlZWVkMjVlY2NmNjBjOThiMjY1MTk1ZWI4MDdkMDc2YTY3MSJ9\"],\"accept-language\":[\"zh-CN,zh;q=0.9,en;q=0.8\"],\"accept-encoding\":[\"gzip, deflate\"],\"referer\":[\"http:\\/\\/local.cms.com\\/content\\/article\\/index\"],\"origin\":[\"http:\\/\\/local.cms.com\"],\"content-type\":[\"application\\/x-www-form-urlencoded; charset=UTF-8\"],\"user-agent\":[\"Mozilla\\/5.0 (Macintosh; Intel Mac OS X 10_15_6) AppleWebKit\\/537.36 (KHTML, like Gecko) Chrome\\/85.0.4183.83 Safari\\/537.36\"],\"x-requested-with\":[\"XMLHttpRequest\"],\"x-csrf-token\":[\"e05lLhzBZ6UshdudKxi4rxQVwMErvybzTAXL8HV3\"],\"accept\":[\"application\\/json, text\\/javascript, *\\/*; q=0.01\"],\"content-length\":[\"4\"],\"connection\":[\"keep-alive\"],\"host\":[\"local.cms.com\"]},\"input\":{\"id\":\"1\"}}', '2020-09-02 11:47:20', NULL);
INSERT INTO `admin_operate_log` VALUES (12, 1, 'admin', '置顶文章', 'content/article/top', '1', '操作成功', '{\"ip\":\"127.0.0.1\",\"headers\":{\"cookie\":[\"XSRF-TOKEN=eyJpdiI6IlwvTTk0UFpDRzV4OUpWTVFKTGZPcnNBPT0iLCJ2YWx1ZSI6IkpLZVEzSVozbUo1U2ZnRUJOdkRmMldWNDFGNCtJcjlROVpVY3J0S1Zra1VxQmdMVTFvc0hpaThWY3NFNFRraVIiLCJtYWMiOiIwODA0YjI1MWJiMTU3Mzg1Yjc3YjEwN2VmYjJiMTA4ZjkzNWVmYTYxMTA1ZDU3ODI4NDM2ZTdmNjZkMDVjOTA1In0%3D; hoteloms_session=eyJpdiI6IlVtTUVNa1hkdmljXC9cLzRsMzRmSlN5UT09IiwidmFsdWUiOiJ5aXFubzBOZG1iRkl1VytpWkpOclRUU0txTEdJQmtZczFTbXFadGRzQW9rRGpFR0tWZ3B6NFRQNUJZZFRsR1wvZyIsIm1hYyI6ImRmYTY3Mjg1MmI5ZGE0ZTA4YzAwOWVhODk4Y2I2YTJmNzY2Y2YwYWViMjIzNTIxZGI0OTBmMzE1MDNhNGY0NjcifQ%3D%3D\"],\"accept-language\":[\"zh-CN,zh;q=0.9,en;q=0.8\"],\"accept-encoding\":[\"gzip, deflate\"],\"referer\":[\"http:\\/\\/local.cms.com\\/content\\/article\\/index\"],\"origin\":[\"http:\\/\\/local.cms.com\"],\"content-type\":[\"application\\/x-www-form-urlencoded; charset=UTF-8\"],\"user-agent\":[\"Mozilla\\/5.0 (Macintosh; Intel Mac OS X 10_15_6) AppleWebKit\\/537.36 (KHTML, like Gecko) Chrome\\/85.0.4183.83 Safari\\/537.36\"],\"x-requested-with\":[\"XMLHttpRequest\"],\"x-csrf-token\":[\"e05lLhzBZ6UshdudKxi4rxQVwMErvybzTAXL8HV3\"],\"accept\":[\"application\\/json, text\\/javascript, *\\/*; q=0.01\"],\"content-length\":[\"4\"],\"connection\":[\"keep-alive\"],\"host\":[\"local.cms.com\"]},\"input\":{\"id\":\"1\"}}', '2020-09-02 12:04:31', NULL);
INSERT INTO `admin_operate_log` VALUES (13, 1, 'admin', '删除文章', 'content/article/delete', '', '操作成功', '{\"ip\":\"127.0.0.1\",\"headers\":{\"cookie\":[\"XSRF-TOKEN=eyJpdiI6IlNxNnc3bWVwSE1XUGNZNlhWY0FKR3c9PSIsInZhbHVlIjoiL3NiVkwwZFVTbTJaNys3WThad2F0RWgrMzY2YldkdkRiSjloazlYMFM0TVduZ0U1NUxxSTVaRzdEVGQ1QUduQmkvMk1LeklNM0lZeGZ6V0VSb1N2MnR2WjFCUmZWSVpRQnNTUHVGYlM5N2NJWWRoREQvaUdyY1FZSlJiZnQ4VGMiLCJtYWMiOiJiOGJhMzIwMzFmN2EyMjJjNmM2ZDRkOWJlNDZjODIyYjVkZGUzNWVkYzU1YmYxNGRmMmNmMDljZTFkMTMxYjE1In0%3D; hoteloms_session=eyJpdiI6ImFKMTQ5VElEb3JUZUUrSmQ2ZzJlUnc9PSIsInZhbHVlIjoieG1GbEw5UysvbWEzNkYxR3pBV0Z2V1NMYnRxaHV3TEZYME9ub3FKRUxNNm9nVXJtUnBUZ0JhTGsyWDBHUGRmcWdNTXlzYlRKM3pyMHM3Q1lpVjNtMVUzWlNJeVZWRndWNFRBTWxORUNJY244WnRzQkRrWHI5dFB6NUd0akxVTVUiLCJtYWMiOiIxYzZiZDM3NGIzZDc3Yjc5NTk2NzQxZTQ1MzQ2NWExY2E3NmQ1ZTA4MDg5ODI3YzIzMDJhZGJiNTEwNDBlNDg0In0%3D\"],\"accept-language\":[\"zh-CN,zh;q=0.9,en;q=0.8\"],\"accept-encoding\":[\"gzip, deflate\"],\"referer\":[\"http:\\/\\/local.cms.com\\/content\\/article\\/index\"],\"origin\":[\"http:\\/\\/local.cms.com\"],\"content-type\":[\"application\\/x-www-form-urlencoded; charset=UTF-8\"],\"user-agent\":[\"Mozilla\\/5.0 (Macintosh; Intel Mac OS X 10_15_7) AppleWebKit\\/537.36 (KHTML, like Gecko) Chrome\\/86.0.4240.80 Safari\\/537.36\"],\"x-requested-with\":[\"XMLHttpRequest\"],\"x-csrf-token\":[\"y9PyYhLw7s63qTuB49KwnucabZIOVoBpRw2ZEdgs\"],\"accept\":[\"*\\/*\"],\"content-length\":[\"21\"],\"connection\":[\"keep-alive\"],\"host\":[\"local.cms.com\"]},\"input\":{\"id\":[\"3\",\"2\"]}}', '2020-10-15 12:25:48', NULL);
INSERT INTO `admin_operate_log` VALUES (14, 1, 'admin', '修改资料', 'account/profile', '1', '操作成功', '{\"ip\":\"127.0.0.1\",\"headers\":{\"cookie\":[\"XSRF-TOKEN=eyJpdiI6IkxEakdSYmJhVVZCa0hkNUVhNGVjK0E9PSIsInZhbHVlIjoiS01GbDZaQ3U3ZlFvTDhITXRDYWVFY0k3amxzdFVhMStIVXd0NmlVUVp1RTZsbm5qbHNCUWoyYlZUQUhVc2cxU2ptem1rMkt1N2owaStGdGtNTloxbzd5K2x2YmMxOWFBTWFEcGlCMDEzRU5mYlhZWXJ0eU9tWEFQVW9ZbmFhUEsiLCJtYWMiOiIyODM2MDYwNDM2ZjA1YmE5NmQxY2E1NjY3NTNmYzllMTAzODIzOGQ4YTljYjcxNzNlODA5MjNiY2E4ZTBlOGIyIn0%3D; hoteloms_session=eyJpdiI6Ijh3akthNk1LWE9UYW9nc053TTZrcmc9PSIsInZhbHVlIjoiRTYwQlg1bGFiTkFKQ2xSVWxRaHpYaWpaRC9ZRnMvRkZPZ1FucnFheG1ScFFHNk4wdCswS2h6THRmY3h0VVZ2cWszQkVHdnVLT3JFWmw2a2h1SDcyanpoMWxzZWNQSXpjUk1rbHpucUY4Ly92RU9BUW1xRFB1Zll3MnZXVmg3OWUiLCJtYWMiOiJkMGIyZWNkZDdjNmM1MjQ1OThlNDc5NjA5MzQ2MGJlMzU1ZjMxMzA5YzUzMWJhNTU2OGU3YjlkZGU1YzE4MWI4In0%3D\"],\"accept-language\":[\"zh-CN,zh;q=0.9,en;q=0.8\"],\"accept-encoding\":[\"gzip, deflate\"],\"referer\":[\"http:\\/\\/local.cms.com\\/account\\/profile\"],\"origin\":[\"http:\\/\\/local.cms.com\"],\"content-type\":[\"application\\/x-www-form-urlencoded; charset=UTF-8\"],\"user-agent\":[\"Mozilla\\/5.0 (Macintosh; Intel Mac OS X 10_15_7) AppleWebKit\\/537.36 (KHTML, like Gecko) Chrome\\/86.0.4240.80 Safari\\/537.36\"],\"x-requested-with\":[\"XMLHttpRequest\"],\"x-csrf-token\":[\"y9PyYhLw7s63qTuB49KwnucabZIOVoBpRw2ZEdgs\"],\"accept\":[\"application\\/json, text\\/javascript, *\\/*; q=0.01\"],\"content-length\":[\"23\"],\"connection\":[\"keep-alive\"],\"host\":[\"local.cms.com\"]},\"input\":{\"phone\":\"\",\"email\":\"\"}}', '2020-10-15 12:28:39', NULL);
INSERT INTO `admin_operate_log` VALUES (15, 1, 'admin', '修改资料', 'account/profile', '1', '操作成功', '{\"ip\":\"127.0.0.1\",\"headers\":{\"cookie\":[\"XSRF-TOKEN=eyJpdiI6IldPcFF6eVB1VjE5cDVIUkp5VXFFSXc9PSIsInZhbHVlIjoiWTlrL3REcDV5WWZFYU03cURqUkNGZHRJcUxLLzVyeDFPRUtaWndLS2l2QVJaTmdIOVRFaWVoR3NFRVFzN1NZbjJBQ1I2MWxQNkp0SVVtVUNib1lXUjB3NnczYlRSQXA5RjlGRWpOZU1JSHRUY2lsa29rNkMzRytzYXhYeWpMdnUiLCJtYWMiOiI2Y2EyMjdhZTFlMTk0MmE2ZmM0OWJhOGRkNTc2MDg1MmUxNzMyMzYyZTI5NzFmYTQzOTMwOGY5Mzc5NWEwODRiIn0%3D; hoteloms_session=eyJpdiI6InN3V2hvaitjMENTZWFoMy90bGc4Y0E9PSIsInZhbHVlIjoibE96dHdKSEE2U3hReG1wSDA2dFFRS2NRWml5V3BSZHE0SWw0NEZCL0tFckhzcHBBdDhTL0RONWJpdVF3anhWSlpkTlRNQkY2eGplZFpFZE15UDE4U0kza0hMZGdLYThYZjkzNHc0ay9sVU5wRDB4N0tDY3cvOWNKNjJPQWF2U0kiLCJtYWMiOiI1Yjc4ZjYzYmJkNDhlZjIzZTQ1NGQ0ZjFkNGQzMGYwYzZiZGYwZDJhNmU1OGM0YzlhY2Q5NmU1MzRkNjcxMTVhIn0%3D\"],\"accept-language\":[\"zh-CN,zh;q=0.9,en;q=0.8\"],\"accept-encoding\":[\"gzip, deflate\"],\"referer\":[\"http:\\/\\/local.cms.com\\/account\\/profile\"],\"origin\":[\"http:\\/\\/local.cms.com\"],\"content-type\":[\"application\\/x-www-form-urlencoded; charset=UTF-8\"],\"user-agent\":[\"Mozilla\\/5.0 (Macintosh; Intel Mac OS X 10_15_7) AppleWebKit\\/537.36 (KHTML, like Gecko) Chrome\\/86.0.4240.80 Safari\\/537.36\"],\"x-requested-with\":[\"XMLHttpRequest\"],\"x-csrf-token\":[\"y9PyYhLw7s63qTuB49KwnucabZIOVoBpRw2ZEdgs\"],\"accept\":[\"application\\/json, text\\/javascript, *\\/*; q=0.01\"],\"content-length\":[\"23\"],\"connection\":[\"keep-alive\"],\"host\":[\"local.cms.com\"]},\"input\":{\"phone\":\"\",\"email\":\"\"}}', '2020-10-15 12:28:42', NULL);
INSERT INTO `admin_operate_log` VALUES (16, 1, 'admin', '修改管理员', 'system/user/edit', '5', '操作成功', '{\"ip\":\"127.0.0.1\",\"headers\":{\"cookie\":[\"XSRF-TOKEN=eyJpdiI6IjBDRTlLbGpoNzVqOGs0aTF3SXZUa2c9PSIsInZhbHVlIjoiam1yczd6ajF4eENabVhlY2dzd0V0QjB0a25zVmpFaERDRERBQmlGV0pEL0FhMG4zUmZYNTd3YmtNY0VWQzIvekh0V3MxY0U0cmdmU0t3VjFOR0x5UjAwQVdXcTA4NUt0NGtyRnYvWE9qWkppQ2Z5dGlpTFdsNUVLMFZSa3kyb0ciLCJtYWMiOiI0YzdmZTExYTEyYjA4ZGIxODIzMjMxNjk0NDc3NjlkYzBiM2E2NDgzMTAzNDgwMjFlZTlmZmUyMDA5MjE0ZTM0In0%3D; hoteloms_session=eyJpdiI6IkIzY083YzFXV01kU2tiTEFURGcwRkE9PSIsInZhbHVlIjoiZzdRR0tBUFlZTlNiZHZOaTlEZDM4Q29VSGZRNFNpQWpsOEIxbVprZHA3d1lqcjRHUnlPak8waTFsSFpvY3VUMWZzdDVDV1MxSTYxUUx4ZlZvb2FjODdJZlRyNGpJMnRxTFBTY0RnVmdWL1pVWit6TXlETEpXbld6UVlFcjE3NSsiLCJtYWMiOiJiZTk3NmI4OTAzMmM5NjlkM2JjMWU3ZTE3OGUzMTM0NGIwMWJjMWJmNWQwODY3MDY0YWU2Y2MzNmUzYWIxYjIzIn0%3D\"],\"accept-language\":[\"zh-CN,zh;q=0.9,en;q=0.8\"],\"accept-encoding\":[\"gzip, deflate\"],\"referer\":[\"http:\\/\\/local.cms.com\\/system\\/user\\/index\"],\"origin\":[\"http:\\/\\/local.cms.com\"],\"content-type\":[\"application\\/x-www-form-urlencoded; charset=UTF-8\"],\"user-agent\":[\"Mozilla\\/5.0 (Macintosh; Intel Mac OS X 10_15_7) AppleWebKit\\/537.36 (KHTML, like Gecko) Chrome\\/86.0.4240.80 Safari\\/537.36\"],\"x-requested-with\":[\"XMLHttpRequest\"],\"x-csrf-token\":[\"y9PyYhLw7s63qTuB49KwnucabZIOVoBpRw2ZEdgs\"],\"accept\":[\"application\\/json, text\\/javascript, *\\/*; q=0.01\"],\"content-length\":[\"80\"],\"connection\":[\"keep-alive\"],\"host\":[\"local.cms.com\"]},\"input\":{\"realname\":\"\\u5f20\\u946b111\",\"phone\":\"\",\"email\":\"\",\"role_ids\":[\"1\"],\"status\":\"1\",\"id\":\"5\"}}', '2020-10-15 12:32:45', NULL);
INSERT INTO `admin_operate_log` VALUES (17, 1, 'admin', '添加权限', 'system/permission/create', '36', '操作成功', '{\"ip\":\"127.0.0.1\",\"headers\":{\"cookie\":[\"XSRF-TOKEN=eyJpdiI6Ijd0c2dZOGh3TndBU3FVNmVyODY0OWc9PSIsInZhbHVlIjoibmVPN0J6T3hrRkVrcDNvSk0xT3FoUzB2amd1QzJMb2tCdVVOSEgweGNsZnhNSUl3NWRWelYrSXF3TXk2eW9WOTUxRVNRZ2RKb2U3bks3VWpoMFRPMllIYXZuRDd3ajRGSFpzVVl0cFBPWTYzajJoM3ptTjdQL0hHakZtUXVVc2MiLCJtYWMiOiI2NzA4MmNlZjY3MDZiNGE4MDdiOGJhNGQ1OWQ1OTVmZWUzMWJiN2U0ZmQwNTgwYWY1ZGM1NTY5NWU2MDIyNDdjIn0%3D; hoteloms_session=eyJpdiI6IldRcUFBQlZSbXJHU2hsUjVOdTRnSXc9PSIsInZhbHVlIjoiVFB6cUJkK01TY1VwTzQwQzJuSjh5aXR3Y1BEaUhXZjlBZUU1cTlINWhtY1pKZ1dJbVVBUVhpaHRodDdJNjY1aVVaRW42MnFndU1WKzRqcFhmS3J3OVdqMVVsTndjd2s4SUZYT3RwYXZTV015ZzdlOFVsa1V6anNISXVESTJMbXciLCJtYWMiOiI4NDY3ZTQ5NTE4MjgwMDNlZWNkODI2NDQ5MGM2ODg5YTExODFmMTBiNGI4ODVkNGUwOTAxZWM2MmMxMjJjNTg1In0%3D\"],\"accept-language\":[\"zh-CN,zh;q=0.9,en;q=0.8\"],\"accept-encoding\":[\"gzip, deflate\"],\"referer\":[\"http:\\/\\/local.cms.com\\/system\\/permission\\/index\"],\"origin\":[\"http:\\/\\/local.cms.com\"],\"content-type\":[\"application\\/x-www-form-urlencoded; charset=UTF-8\"],\"user-agent\":[\"Mozilla\\/5.0 (Macintosh; Intel Mac OS X 10_15_7) AppleWebKit\\/537.36 (KHTML, like Gecko) Chrome\\/86.0.4240.111 Safari\\/537.36\"],\"x-requested-with\":[\"XMLHttpRequest\"],\"x-csrf-token\":[\"IMSAupb1gYXx9OCsivyVujQ4AXwd8jMYUJYfEfkJ\"],\"accept\":[\"application\\/json, text\\/javascript, *\\/*; q=0.01\"],\"content-length\":[\"160\"],\"connection\":[\"keep-alive\"],\"host\":[\"local.cms.com\"]},\"input\":{\"parent_id\":\"2\",\"type\":\"1\",\"slug\":\"user.switch_status\",\"name\":\"\\u66f4\\u6539\\u72b6\\u6001\",\"wild_uri\":\"system\\/user\\/switch_status\",\"menu_uri\":\"\",\"menu_icon\":\"fa-bars\",\"status\":\"1\"}}', '2020-10-23 22:50:14', NULL);
INSERT INTO `admin_operate_log` VALUES (18, 1, 'admin', '添加权限', 'system/permission/create', '37', '操作成功', '{\"ip\":\"127.0.0.1\",\"headers\":{\"cookie\":[\"XSRF-TOKEN=eyJpdiI6IjMrN21LL2UyeW9mM3N4WHpOM3FoRHc9PSIsInZhbHVlIjoiaVgwdHR5Si9ZT21VWURCallHVHhGNEcwWWltYm5FZ3NQSzhSYk1FUU85NTFTaVAyaXVRYklqMy9pUUZPMmEwSXRnT3k1QkNHMVdUT1QwYjFVMndKSWhiVzJQdFFSaFZuajc5K3V0NkdnWDVQS0x2QUcvZTllTys3cFdRTGZxSEEiLCJtYWMiOiJiOGRiZTQ0NDg2OTlkMmY4MWE2NzhhMDdmNjEyYmFhNWYyMGQ1YWEyOTAxNDI3MjUyOTg4MmVhNTBlY2I0ZjA0In0%3D; hoteloms_session=eyJpdiI6IjA2RmJvRVdaRTJROTEvR0dKS00wTVE9PSIsInZhbHVlIjoiZklJTmttcG5GVXI2RHZORExnbW4zMGxyeEVlV1d2Rjh1V0N0R2FKYk82OENmZE9FU1ZqcVpkQ2JRZUs3WGJuTVc1VXNWd08rdE9FTlJ2d0tyQVpYSk9YcVZtZnJqb1dDcElIYlByMmpTQU5iMkt1cDBybEl0NEpJODlYQ281TDMiLCJtYWMiOiJjOTMxZDBkZjM1ZmMzMzJlODZlYmM4MGUxNjY0ZjY1M2EwZDQ4ZGE1ODg5YTRkZDE0MTI3YmJjMDhlMzQ2YWY2In0%3D\"],\"accept-language\":[\"zh-CN,zh;q=0.9,en;q=0.8\"],\"accept-encoding\":[\"gzip, deflate\"],\"referer\":[\"http:\\/\\/local.cms.com\\/system\\/permission\\/index\"],\"origin\":[\"http:\\/\\/local.cms.com\"],\"content-type\":[\"application\\/x-www-form-urlencoded; charset=UTF-8\"],\"user-agent\":[\"Mozilla\\/5.0 (Macintosh; Intel Mac OS X 10_15_7) AppleWebKit\\/537.36 (KHTML, like Gecko) Chrome\\/86.0.4240.111 Safari\\/537.36\"],\"x-requested-with\":[\"XMLHttpRequest\"],\"x-csrf-token\":[\"IMSAupb1gYXx9OCsivyVujQ4AXwd8jMYUJYfEfkJ\"],\"accept\":[\"application\\/json, text\\/javascript, *\\/*; q=0.01\"],\"content-length\":[\"146\"],\"connection\":[\"keep-alive\"],\"host\":[\"local.cms.com\"]},\"input\":{\"parent_id\":\"2\",\"type\":\"1\",\"slug\":\"user.delete\",\"name\":\"\\u5220\\u9664\\u7528\\u6237\",\"wild_uri\":\"system\\/user\\/delete\",\"menu_uri\":\"\",\"menu_icon\":\"fa-bars\",\"status\":\"1\"}}', '2020-10-23 22:53:10', NULL);
INSERT INTO `admin_operate_log` VALUES (19, 1, 'admin', '添加权限', 'system/permission/create', '38', '操作成功', '{\"ip\":\"127.0.0.1\",\"headers\":{\"cookie\":[\"XSRF-TOKEN=eyJpdiI6IjZZK0Z2YkJvbnBYOUdPUUo2TWhkNGc9PSIsInZhbHVlIjoibDk1cE1ndDRPVnJXbmhORGsvUGRUcWFhMHZOZmkrNHJTMG1TTWtBQlB2SVdjNjYyR2J5NldoMXZBaE5vc0RjODRjMituS2FvSWhYeU8zUENYazR6QitUOStHUTF1ZnZueWV5VXBWOFdYcldSRVA2WHNPTzN1SjNqZzZiaTNxQXMiLCJtYWMiOiI4NzY2YjRlMmJlMDI3NzkyMjAyOTg4ODk1ZjRiOTJjOTMwNGY2MzA1NDljOTJkMmMxZWQ0ZGIyYjJhOTU0ZGJkIn0%3D; hoteloms_session=eyJpdiI6ImdibDhyWCtkdXg1VjJRRnRHdklVQ1E9PSIsInZhbHVlIjoiUVBBelk2MVF5MG1jb2xWRTB4b0M1a3ZFaVBaTlRkdElVOHFiZXA3WklzTVFDVlYvcmVRL2lEdExPVDMxazJwUDMzVWd0V1hzemZEa2xpNHhKTnlYSmtHVm92YnJFYWVTN013UlFxeG1XZUJjRCt1L3lpcFlrQjdUWEdnZktML1UiLCJtYWMiOiJiNTY0YTU3NjljNWRjN2FkZjU1YmJjM2UwMGRiYTMxNWVkNzNiZmExNTcyNGM2ZGI3NTI5NzA3NTAxM2ZjMDJjIn0%3D\"],\"accept-language\":[\"zh-CN,zh;q=0.9,en;q=0.8\"],\"accept-encoding\":[\"gzip, deflate\"],\"referer\":[\"http:\\/\\/local.cms.com\\/system\\/permission\\/index\"],\"origin\":[\"http:\\/\\/local.cms.com\"],\"content-type\":[\"application\\/x-www-form-urlencoded; charset=UTF-8\"],\"user-agent\":[\"Mozilla\\/5.0 (Macintosh; Intel Mac OS X 10_15_7) AppleWebKit\\/537.36 (KHTML, like Gecko) Chrome\\/86.0.4240.111 Safari\\/537.36\"],\"x-requested-with\":[\"XMLHttpRequest\"],\"x-csrf-token\":[\"IMSAupb1gYXx9OCsivyVujQ4AXwd8jMYUJYfEfkJ\"],\"accept\":[\"application\\/json, text\\/javascript, *\\/*; q=0.01\"],\"content-length\":[\"153\"],\"connection\":[\"keep-alive\"],\"host\":[\"local.cms.com\"]},\"input\":{\"parent_id\":\"3\",\"type\":\"1\",\"slug\":\"role.manage\",\"name\":\"\\u66f4\\u6539\\u72b6\\u6001\",\"wild_uri\":\"system\\/role\\/switch_status\",\"menu_uri\":\"\",\"menu_icon\":\"fa-bars\",\"status\":\"1\"}}', '2020-10-23 22:53:55', NULL);
INSERT INTO `admin_operate_log` VALUES (20, 1, 'admin', '添加权限', 'system/permission/create', '39', '操作成功', '{\"ip\":\"127.0.0.1\",\"headers\":{\"cookie\":[\"XSRF-TOKEN=eyJpdiI6IitRMVpHQ0htWlpDN0JybWJHbUxvemc9PSIsInZhbHVlIjoiNVdYVnloSHFQRFpDYXhrSWZ3cjZXWWlxZ05DKzJyamw2bmJhb01jaCtwV1A5eXVGUmFUWHZoUzNJTUYxSUFxaUFhR1V5WThoV1QybXNyZ1RiWHUrdU5rTXIyaXIzbTlCTHZMSHp0V216ZUtKMUJGdVFpeFVNTGRmOUliQ0E4RzgiLCJtYWMiOiJiZjE1NWM4OGQwYWM3MmZjNDczZDUxMWRiZjEzYjYyNzg2MTNmNzJkZWEyY2ZlZDE2Yzk4ZWFjYjgwN2U4YTRjIn0%3D; hoteloms_session=eyJpdiI6IlB0eG95MXFFSjd4a0s0MHJaL1E3dUE9PSIsInZhbHVlIjoiekdwemRRZmh1SVpmRG81aDhGTnJaVmdCRmlkMWJPalM1T25uaWJCdGplbmNvcWV1SGY2a0NOcHQ3ZjY0aTZWS21kWEY2VjN3eGNwU3dpTUU3ZmRlbnErRU5XSlpqL3ExV0FUQkdSZ0VXMmpUK2Zmc0g1S3dNUlREb1gxNUc4Z00iLCJtYWMiOiIyNDI5MmMxY2M4ZjdhYzIxY2UzMDdmMzUyNjJiOGJjMmY4NzYzYmI5NzRhZWVjNThiOTIzODU2YTg3ZWI3YzI0In0%3D\"],\"accept-language\":[\"zh-CN,zh;q=0.9,en;q=0.8\"],\"accept-encoding\":[\"gzip, deflate\"],\"referer\":[\"http:\\/\\/local.cms.com\\/system\\/permission\\/index\"],\"origin\":[\"http:\\/\\/local.cms.com\"],\"content-type\":[\"application\\/x-www-form-urlencoded; charset=UTF-8\"],\"user-agent\":[\"Mozilla\\/5.0 (Macintosh; Intel Mac OS X 10_15_7) AppleWebKit\\/537.36 (KHTML, like Gecko) Chrome\\/86.0.4240.111 Safari\\/537.36\"],\"x-requested-with\":[\"XMLHttpRequest\"],\"x-csrf-token\":[\"IMSAupb1gYXx9OCsivyVujQ4AXwd8jMYUJYfEfkJ\"],\"accept\":[\"application\\/json, text\\/javascript, *\\/*; q=0.01\"],\"content-length\":[\"146\"],\"connection\":[\"keep-alive\"],\"host\":[\"local.cms.com\"]},\"input\":{\"parent_id\":\"3\",\"type\":\"1\",\"slug\":\"role.manage\",\"name\":\"\\u5220\\u9664\\u89d2\\u8272\",\"wild_uri\":\"system\\/user\\/delete\",\"menu_uri\":\"\",\"menu_icon\":\"fa-bars\",\"status\":\"1\"}}', '2020-10-23 22:54:26', NULL);
INSERT INTO `admin_operate_log` VALUES (21, 1, 'admin', '添加权限', 'system/permission/create', '40', '操作成功', '{\"ip\":\"127.0.0.1\",\"headers\":{\"cookie\":[\"XSRF-TOKEN=eyJpdiI6IlJhK2xSVlI2elN3VnRpd2xhKzFYOUE9PSIsInZhbHVlIjoiZTdWaDRnYnhncGhhSDNqN052eXBuUHNORFRFaUp5TUtaeE1WNmZGcVJoUktPVlJMRUJqM2NNamNyVWNmRDM1RGVITnZHS0ovdGh3eEpzR0hVeDhTc2QrQ2FlVTBaNFdKcE02V2s2Y2QxS1NnUmh1MHJwMG8wa0E0eEIrL2IzODUiLCJtYWMiOiIwYjUxYTg4MWU2YzFlZTViYjE2YjM3NmVhMmM5NmZjN2ViMmMxZWRiNjUyNWQzYjA3ZjAyYzY4Y2MwYjk3MzU2In0%3D; hoteloms_session=eyJpdiI6Im9WTzNPNHY2eDlRd2ZSTmYxaEJqeWc9PSIsInZhbHVlIjoiUTQxUTh1cGV2SXF1SW15eXAvTlpnUjdwVWNNUDZTUEYvbEtpZlVQZFZYOFIyaHljZThHWlNHajdPSHNrb1UzeTd2bkVCZXlPUmY5YUo5QkZzRS9JdjZIVjVva0ZxWnR1RlZOTEY1STcwMU5pSTV0eWV0djFQT2xnOEFMc09vMVkiLCJtYWMiOiI5Y2NlZmVhNTU0NjhjMmZjNzczMDliMTY0MzVjNWRlNzAyZjZlNzhhNTA1ZjlhYzQ2ZTQ4NGQyZjc3YmIwYmZlIn0%3D\"],\"accept-language\":[\"zh-CN,zh;q=0.9,en;q=0.8\"],\"accept-encoding\":[\"gzip, deflate\"],\"referer\":[\"http:\\/\\/local.cms.com\\/system\\/permission\\/index\"],\"origin\":[\"http:\\/\\/local.cms.com\"],\"content-type\":[\"application\\/x-www-form-urlencoded; charset=UTF-8\"],\"user-agent\":[\"Mozilla\\/5.0 (Macintosh; Intel Mac OS X 10_15_7) AppleWebKit\\/537.36 (KHTML, like Gecko) Chrome\\/86.0.4240.111 Safari\\/537.36\"],\"x-requested-with\":[\"XMLHttpRequest\"],\"x-csrf-token\":[\"IMSAupb1gYXx9OCsivyVujQ4AXwd8jMYUJYfEfkJ\"],\"accept\":[\"application\\/json, text\\/javascript, *\\/*; q=0.01\"],\"content-length\":[\"165\"],\"connection\":[\"keep-alive\"],\"host\":[\"local.cms.com\"]},\"input\":{\"parent_id\":\"1\",\"type\":\"1\",\"slug\":\"permission.manage\",\"name\":\"\\u66f4\\u65b0\\u72b6\\u6001\",\"wild_uri\":\"system\\/permission\\/switch_status\",\"menu_uri\":\"\",\"menu_icon\":\"fa-bars\",\"status\":\"1\"}}', '2020-10-23 22:55:29', NULL);
INSERT INTO `admin_operate_log` VALUES (22, 1, 'admin', '修改权限', 'system/permission/edit', '4', '操作成功', '{\"ip\":\"127.0.0.1\",\"headers\":{\"cookie\":[\"XSRF-TOKEN=eyJpdiI6ImJTdzJYdnNBR1AyMUFUUmdGYUNJSEE9PSIsInZhbHVlIjoicVNoSmdPdmhsb05uMGxkU3dud3FQN0VXQVprdUl5elVmRUhJMTNRdGNZS0NBekEwT1NGUjhJZXo3R3gwY2RPejFBK1kzL2wyVmVkZFdFTVg3Wm5VWWZhNEZXMUdSeC9UUUgrOFpYTlQ3VXgyV3RrZkRQd0pBTXJwRDNIaTc0ejciLCJtYWMiOiI4OTViZjA3OTJhMDFmMDYxMTlhMmY0ZGU0NTQxZDFmMGFjOGU2MTMzNWFjOTUwYzI4YTk1YTI1NDk1MGVmZTM0In0%3D; hoteloms_session=eyJpdiI6IlYzR0pDU3FwWWNnUEtYS1ZSMDloSlE9PSIsInZhbHVlIjoiTzFpYmdZcFFEOFY3anI0S1FPV05pcEFBZ2xlNHJrM0J5NHFZYUt1WHFNVnU4SkdvQWMrRUNNYW5Yclg2dWdSekczZDZ6WFdZTXJOaGgwdmZSWCtnaUtUc1d0YnJXMEZjSnBqbVdLWHVwWjEySGN5c1NpQ1l2YWk5VEJUNS8wV2oiLCJtYWMiOiJiZWYxOGY5MDM1MzRjMGNmYjNiY2NiNWZjMjA1Y2NiYzVmYjgxMGE0MDhhNDdmYTJlZWVkMDk4YTIzMzdhOGYzIn0%3D\"],\"accept-language\":[\"zh-CN,zh;q=0.9,en;q=0.8\"],\"accept-encoding\":[\"gzip, deflate\"],\"referer\":[\"http:\\/\\/local.cms.com\\/system\\/permission\\/index\"],\"origin\":[\"http:\\/\\/local.cms.com\"],\"content-type\":[\"application\\/x-www-form-urlencoded; charset=UTF-8\"],\"user-agent\":[\"Mozilla\\/5.0 (Macintosh; Intel Mac OS X 10_15_7) AppleWebKit\\/537.36 (KHTML, like Gecko) Chrome\\/86.0.4240.111 Safari\\/537.36\"],\"x-requested-with\":[\"XMLHttpRequest\"],\"x-csrf-token\":[\"IMSAupb1gYXx9OCsivyVujQ4AXwd8jMYUJYfEfkJ\"],\"accept\":[\"application\\/json, text\\/javascript, *\\/*; q=0.01\"],\"content-length\":[\"133\"],\"connection\":[\"keep-alive\"],\"host\":[\"local.cms.com\"]},\"input\":{\"parent_id\":\"0\",\"type\":\"2\",\"slug\":\"system.manage\",\"name\":\"\\u7cfb\\u7edf\\u7ba1\\u7406\",\"wild_uri\":\"#\",\"menu_uri\":\"#\",\"menu_icon\":\"fa-tasks\",\"status\":\"1\",\"id\":\"4\"}}', '2020-10-23 22:56:06', NULL);
INSERT INTO `admin_operate_log` VALUES (23, 1, 'admin', '添加权限', 'system/permission/create', '41', '操作成功', '{\"ip\":\"127.0.0.1\",\"headers\":{\"cookie\":[\"XSRF-TOKEN=eyJpdiI6IlhhYytXdHF2VXV0WGJ2VUd4MngweGc9PSIsInZhbHVlIjoiZG5yNFJvaS9DSTlkQm5ocCtTR1NmSi9kZVljUU9wV3FwNDdhTlhvY2ZrZnZNYi9yWUpwNXk5d3I4Qi9oNDF2V0gyUjh6V2RDMitaRHNtQ3ZmTlRNWkZ3SndkaDRPWGRwNnluNEs1YU5mZ3NBbG5nTXYwSC9aUndtVWhmZ1FzR2siLCJtYWMiOiJjZDFhMjBmZmY1ZjljZDg4NzJiNmYzZmY1ZjhkMTgyYTcwYjYxNWQzNjNiNGQ3ZjgzMzU5ZjE1YWZiYjIzM2M5In0%3D; hoteloms_session=eyJpdiI6IjByRS9VTVdJVlF1aTlhUEo4VFN1bkE9PSIsInZhbHVlIjoiWFV3eU9waGtUZWVZM3duYnJvMDFXM01lWE8wMmpnUU5zQzRGb2pPcWtBQk93alhaUit2VXJIbHZlLzJWN0xYVi91MnVMaE1RWkFNQkZpSW1WOHU3amdTdVZXanc2RVBlSFp1Q2c1R2RVMWtBekFPcjhDc0RUYVNuNzRpak5Bb3oiLCJtYWMiOiI5MzUzMjhmZmZmOTQ3MzhkYTJlODIyM2YwYmRjMTY2NDUyNTcxMzhmMTA2NjVjNGM3OTIyNGY4M2EyYmM4ZTBlIn0%3D\"],\"accept-language\":[\"zh-CN,zh;q=0.9,en;q=0.8\"],\"accept-encoding\":[\"gzip, deflate\"],\"referer\":[\"http:\\/\\/local.cms.com\\/system\\/permission\\/index\"],\"origin\":[\"http:\\/\\/local.cms.com\"],\"content-type\":[\"application\\/x-www-form-urlencoded; charset=UTF-8\"],\"user-agent\":[\"Mozilla\\/5.0 (Macintosh; Intel Mac OS X 10_15_7) AppleWebKit\\/537.36 (KHTML, like Gecko) Chrome\\/86.0.4240.111 Safari\\/537.36\"],\"x-requested-with\":[\"XMLHttpRequest\"],\"x-csrf-token\":[\"IMSAupb1gYXx9OCsivyVujQ4AXwd8jMYUJYfEfkJ\"],\"accept\":[\"application\\/json, text\\/javascript, *\\/*; q=0.01\"],\"content-length\":[\"158\"],\"connection\":[\"keep-alive\"],\"host\":[\"local.cms.com\"]},\"input\":{\"parent_id\":\"1\",\"type\":\"1\",\"slug\":\"permission.manage\",\"name\":\"\\u5220\\u9664\\u6743\\u9650\",\"wild_uri\":\"system\\/permission\\/delete\",\"menu_uri\":\"\",\"menu_icon\":\"fa-bars\",\"status\":\"1\"}}', '2020-10-23 22:57:07', NULL);
INSERT INTO `admin_operate_log` VALUES (24, 1, 'admin', '修改管理员', 'system/user/edit', '5', '操作成功', '{\"ip\":\"127.0.0.1\",\"headers\":{\"cookie\":[\"XSRF-TOKEN=eyJpdiI6Ik9ZZ3gyVnk3YXAwMW1nNGtKTlhmT2c9PSIsInZhbHVlIjoiaUFtL00wWVZaMU5mRkp4OG4wanNDVUxsYlhSYm9wQmw5dk9PQWZqQUpnRmQrK2pLbEc5cTBwNHVDUGRCYkg3SGRvcENUZHNFMnc1aU4wZEtuVSsrMWJTUnZvVnZvZlo5NlF1YTBzT3AvbkprRjd4emlEcVZxTXp0OHkrQXRueVkiLCJtYWMiOiI2NGJiOGFkODNjZDk5MWIzZWJkZjFiZjkxOGY4OGYxNjc2NjI4ZjRhOTYzYzRlOGNmY2M0ZTk3YjM0MmI1ZjlhIn0%3D; hoteloms_session=eyJpdiI6IlAxUXRWNk9IL1ExYVZjczh1VEVGQlE9PSIsInZhbHVlIjoiSjBzTFFhMWJPNnZHT0hZdlk3RVRRLzkzVEFqMzNIL2h2Q25KSkVnLzNNZU9DWFhCV1FySHdqczBOUWZ0czBjVWl2ZXpvWSttS0lkMkdROTk2d3UwL2kxOHRFSWF6NHNUbFlJTGNybUJ4Y1F5UllLOTNPbS9leGQ0VkVTd1hGeE4iLCJtYWMiOiIxOGNjNTY4NGRiMDgxZDM1MTU1ZWNkNjUxZTQyNGIzMjM2ZTQ2NzFjZmRlYjU3ODI3NWM2YTNjNDI4ZDJhYzIxIn0%3D\"],\"accept-language\":[\"zh-CN,zh;q=0.9,en;q=0.8\"],\"accept-encoding\":[\"gzip, deflate\"],\"referer\":[\"http:\\/\\/local.cms.com\\/system\\/user\\/index\"],\"origin\":[\"http:\\/\\/local.cms.com\"],\"content-type\":[\"application\\/x-www-form-urlencoded; charset=UTF-8\"],\"user-agent\":[\"Mozilla\\/5.0 (Macintosh; Intel Mac OS X 10_15_7) AppleWebKit\\/537.36 (KHTML, like Gecko) Chrome\\/86.0.4240.111 Safari\\/537.36\"],\"x-requested-with\":[\"XMLHttpRequest\"],\"x-csrf-token\":[\"IMSAupb1gYXx9OCsivyVujQ4AXwd8jMYUJYfEfkJ\"],\"accept\":[\"application\\/json, text\\/javascript, *\\/*; q=0.01\"],\"content-length\":[\"80\"],\"connection\":[\"keep-alive\"],\"host\":[\"local.cms.com\"]},\"input\":{\"realname\":\"\\u5f20\\u946b111\",\"phone\":\"\",\"email\":\"\",\"role_ids\":[\"1\"],\"status\":\"1\",\"id\":\"5\"}}', '2020-10-23 23:21:12', NULL);
INSERT INTO `admin_operate_log` VALUES (25, 1, 'admin', '删除用户', 'system/user/delete', '5', '操作成功', '{\"ip\":\"127.0.0.1\",\"headers\":{\"cookie\":[\"XSRF-TOKEN=eyJpdiI6Img5eTgxcWdMd0JZbGdZNjVzU2JMdXc9PSIsInZhbHVlIjoiclpaaC9LWkp6L0s5UDBkcXFlbUovK3dMRnpCNmRrNzl0dXVsb1l3cC9sK3h2Tkl0RUordlk2MzAzRG9TWGhTY2FRYU1zU0pnSzVmTnljUWxOQ0RCdWpiOUE2WXkxZ3Mxek1GOG5lMEpyNkpkY1dWN21EaTVQV0toMXBaNzZLWTIiLCJtYWMiOiI5YjkyYTY0MjMxNTYwNjg5OTIxNDY4YWViZDViNmJhNDU2NmM1ZTczZDQ2NTRkN2NiMWE2ZmIzNTYxNDI4MzdhIn0%3D; hoteloms_session=eyJpdiI6IlJMUzJhbnJMcVE2WUdnaXpYTUVTNHc9PSIsInZhbHVlIjoickp2K0YwNlFQZTVPWXNEd1pLekN0VTJwR0hLNlozdmpPZE1GdlFwVzl2VVdDS3NOYU5EeFZJaEo5YnBRbjkyWk1GRW9iNUdBU1hWbE9SUW4vMGtFeUIwZ0ladXgycjQ2L1pKUnJLcDBJQ21aMk1tVmRnV1R5V3ZCeGJzMUNiNDEiLCJtYWMiOiJmMWRjODE2NTJhOTkzNzBmMDE5YmQxNGUxNDI4ODE2ZmNhMDc4MTEyYjI5ZGJhZjc2ZDg3NDdhM2QyOWYyZjgxIn0%3D\"],\"accept-language\":[\"zh-CN,zh;q=0.9,en;q=0.8\"],\"accept-encoding\":[\"gzip, deflate\"],\"referer\":[\"http:\\/\\/local.cms.com\\/system\\/user\\/index\"],\"origin\":[\"http:\\/\\/local.cms.com\"],\"content-type\":[\"application\\/x-www-form-urlencoded; charset=UTF-8\"],\"user-agent\":[\"Mozilla\\/5.0 (Macintosh; Intel Mac OS X 10_15_7) AppleWebKit\\/537.36 (KHTML, like Gecko) Chrome\\/86.0.4240.111 Safari\\/537.36\"],\"x-requested-with\":[\"XMLHttpRequest\"],\"x-csrf-token\":[\"IMSAupb1gYXx9OCsivyVujQ4AXwd8jMYUJYfEfkJ\"],\"accept\":[\"*\\/*\"],\"content-length\":[\"4\"],\"connection\":[\"keep-alive\"],\"host\":[\"local.cms.com\"]},\"input\":{\"id\":\"5\"}}', '2020-10-24 00:06:31', NULL);
INSERT INTO `admin_operate_log` VALUES (26, 1, 'admin', '删除用户', 'system/user/delete', '6', '操作成功', '{\"ip\":\"127.0.0.1\",\"headers\":{\"cookie\":[\"XSRF-TOKEN=eyJpdiI6IkVVbklSMmMvWkRMMmw3RHdUVmErT3c9PSIsInZhbHVlIjoia0dadlFCZVRrY1k3MTZiY2c0bzhlYUlQSStEbmVISUErWUozSFVTWE5KZWpWSEc5L2E0Q1daS2laMmY2bzJuYjN6YkNBbzdka1YzTjJFc0Q4UnVJV0tmc3pTaERmR1FkaXM3S1VPVzdBWE1kZFlKZ2tEbTAwV09UajludzQwWHkiLCJtYWMiOiI2YTRkNmFlNGU2NDc3Y2VlMjE2YjM5N2NmYWM1YThiYTRjZmZkZTgyOTY1NmZiOGNiM2VhMzRjZDEyMzgxZTUyIn0%3D; hoteloms_session=eyJpdiI6IkluSVEwY3gwVHJjMjZ2NTV5d1U1bFE9PSIsInZhbHVlIjoiNHVpNGhXaWR0YzMvT3docHNQMnR0SlpzRjNHSWpHVEJXbFdyUUlrTk5pV1NqU0JCdmVlbjA2Y3NldG1xaTFKNWYxNHVuOUtzMnhlVGlUVSs0aVJLaERvY0hZY0ZhZlNPbTA4d2ZwbVVjbnREWlVic1J1cXozV295cXgzaVlUazAiLCJtYWMiOiJjN2FmYzk4MzllNDFjOTZhMDExNGIyOWZhYTM2YTM1YjNlNjNmOTgzNDgxNzRhYzU5ZmRmMjE5MWMwNzQ2NzRlIn0%3D\"],\"accept-language\":[\"zh-CN,zh;q=0.9,en;q=0.8\"],\"accept-encoding\":[\"gzip, deflate\"],\"referer\":[\"http:\\/\\/local.cms.com\\/system\\/user\\/index\"],\"origin\":[\"http:\\/\\/local.cms.com\"],\"content-type\":[\"application\\/x-www-form-urlencoded; charset=UTF-8\"],\"user-agent\":[\"Mozilla\\/5.0 (Macintosh; Intel Mac OS X 10_15_7) AppleWebKit\\/537.36 (KHTML, like Gecko) Chrome\\/86.0.4240.111 Safari\\/537.36\"],\"x-requested-with\":[\"XMLHttpRequest\"],\"x-csrf-token\":[\"IMSAupb1gYXx9OCsivyVujQ4AXwd8jMYUJYfEfkJ\"],\"accept\":[\"*\\/*\"],\"content-length\":[\"4\"],\"connection\":[\"keep-alive\"],\"host\":[\"local.cms.com\"]},\"input\":{\"id\":\"6\"}}', '2020-10-24 00:07:50', NULL);
INSERT INTO `admin_operate_log` VALUES (27, 1, 'admin', '删除用户', 'system/user/delete', '7', '操作成功', '{\"ip\":\"127.0.0.1\",\"headers\":{\"cookie\":[\"XSRF-TOKEN=eyJpdiI6IlptOThuNmdxL25kZUdnWTVIZjFXNlE9PSIsInZhbHVlIjoibWpOcDBCdDRPbCtRRC9CWTBhbnMxL3BBUVhrR1NSS0VDbUF2UXUra3BsYXc4OUt3YzQvRWNoRUxpOTZsenE0b3NPSFdOaUJ2N0V2WWdmY0c4Q1cwQTRmdCt6SFFlRi84djdYZTRpeDRWbmM4enhTTStpdkRaMkhWNW9GT3p2U2oiLCJtYWMiOiI1YmE3ODQ0NGE3MmJlMGY3ZDE3MWQ2OGQ2YWMzNzllYzdmNWZiMzlkOTkxZDA5Yzc3MmZhNmRiNTA3NzYwOWIxIn0%3D; hoteloms_session=eyJpdiI6Ilh6WU9rRHp0dWNFWDlJYnNxYUN4bkE9PSIsInZhbHVlIjoiVm9nbGxVbTd6NHVPR0VqNytQOGI1Q1poRU95a2FGcThQM3ZjdnFHeUtLN2dPV3FxNnozY3lPSkRhTDBTbjIzNHViY0NzUGl6OVQ5a0xZOU5mbXZEU3JiVkF0VTBDMmZOZm52Sm5KZ0xCSDFPUlFCUHhPcnlWTDdiK0E2MHRhK2IiLCJtYWMiOiJmNDYxYjdhN2NjZjAwNTZmYjIzZGU2YzM3ZjM3OWExMzFlNDFmZTY3N2RlOGVhYTE0MDY4ODQwMWVjNWJlMjUzIn0%3D\"],\"accept-language\":[\"zh-CN,zh;q=0.9,en;q=0.8\"],\"accept-encoding\":[\"gzip, deflate\"],\"referer\":[\"http:\\/\\/local.cms.com\\/system\\/user\\/index\"],\"origin\":[\"http:\\/\\/local.cms.com\"],\"content-type\":[\"application\\/x-www-form-urlencoded; charset=UTF-8\"],\"user-agent\":[\"Mozilla\\/5.0 (Macintosh; Intel Mac OS X 10_15_7) AppleWebKit\\/537.36 (KHTML, like Gecko) Chrome\\/86.0.4240.111 Safari\\/537.36\"],\"x-requested-with\":[\"XMLHttpRequest\"],\"x-csrf-token\":[\"IMSAupb1gYXx9OCsivyVujQ4AXwd8jMYUJYfEfkJ\"],\"accept\":[\"*\\/*\"],\"content-length\":[\"4\"],\"connection\":[\"keep-alive\"],\"host\":[\"local.cms.com\"]},\"input\":{\"id\":\"7\"}}', '2020-10-24 00:07:55', NULL);
INSERT INTO `admin_operate_log` VALUES (28, 1, 'admin', '添加权限组', 'system/role/create', '2', '操作成功', '{\"ip\":\"127.0.0.1\",\"headers\":{\"cookie\":[\"XSRF-TOKEN=eyJpdiI6ImZhOElEcHdjN3hJNWdmblljcWVrcHc9PSIsInZhbHVlIjoiTEtuL1B2L1Blc3pQZ1JIQ3kydFVGSkdybWowYzQ4emN0aklJVmJBeFVZSEI5SGtmUXNWc0hRTi9jNjNSU1JMeGhsVmt5eHEwaDllcE1SaDlmYWl3TkhZVmJ1TWIxc25SSzFoSjMzaFgxWnhEVjNaVlNVWmdiTWovUC8rcEJ1OXoiLCJtYWMiOiJkODliYmY4MWUzNTg3MGEzNDBhYjMxNzJiOGY0ZTM5NzNmNmUzNTJjYWQ5NTVlMTZkNGFlOTZjNjEwMzNkNWM0In0%3D; hoteloms_session=eyJpdiI6Imo3UnBQMWF0cVB2OWNCZTBKWUZhL0E9PSIsInZhbHVlIjoicjQ3eStBajdpaTZJdFdvVC9DcW1FSjdLZ0hZbGdITnpYdWFmKytRSkd1QW1nVEh1SUJzOWdodWF4TVNaQ2xBMWZXRFlhVkJGZmM3Q2pMN0ZVRm5laGkxdlBaN3pacTNIKzFwc1VxV0dKUFMwa1FzOWZJRFo4TUFEbkh0QlB3NzAiLCJtYWMiOiI4ZDFiNWY1NDFmZjc0YjI3ZWU2NWEwZmEwNmZkMTYxNGNmMWM5MDlkNDI3ZjJmOTQzMzAzODQ4NWJmNjE3MjE2In0%3D\"],\"accept-language\":[\"zh-CN,zh;q=0.9,en;q=0.8\"],\"accept-encoding\":[\"gzip, deflate\"],\"referer\":[\"http:\\/\\/local.cms.com\\/system\\/role\\/index\"],\"origin\":[\"http:\\/\\/local.cms.com\"],\"content-type\":[\"application\\/x-www-form-urlencoded; charset=UTF-8\"],\"user-agent\":[\"Mozilla\\/5.0 (Macintosh; Intel Mac OS X 10_15_7) AppleWebKit\\/537.36 (KHTML, like Gecko) Chrome\\/86.0.4240.111 Safari\\/537.36\"],\"x-requested-with\":[\"XMLHttpRequest\"],\"x-csrf-token\":[\"IMSAupb1gYXx9OCsivyVujQ4AXwd8jMYUJYfEfkJ\"],\"accept\":[\"application\\/json, text\\/javascript, *\\/*; q=0.01\"],\"content-length\":[\"31\"],\"connection\":[\"keep-alive\"],\"host\":[\"local.cms.com\"]},\"input\":{\"name\":\"test\",\"description\":\"\",\"status\":\"1\"}}', '2020-10-24 00:12:35', NULL);
INSERT INTO `admin_operate_log` VALUES (29, 1, 'admin', '添加管理员', 'system/user/create', '8', '操作成功', '{\"ip\":\"127.0.0.1\",\"headers\":{\"cookie\":[\"XSRF-TOKEN=eyJpdiI6IlQ0TkNBbUJna1U1c1dMbGg5OXZGSUE9PSIsInZhbHVlIjoicm5GRU9OU3lrM1RqdGhHTFdjcWg1VFNEeGc0ZkNkNlhMZy9vcHpWbmpMVFRIVDlnWFphVTJjK0s3NWFpRWRVaENWdjh6c3lxYk05Z3JMRDUrNGNEOW9iTkxGMm5xM01WZlVzaVhtY2thY0Z2WlkxWllQK2Fmak45MktmU21GQ20iLCJtYWMiOiIxNzUyMjIyMTM2ZTE2YTVmNGYxYmNhNmRkNjZmNjA0YjVhZGJiMzRhNzMwYzhkODJmODg1NjU4OGJmNzA5MDY1In0%3D; hoteloms_session=eyJpdiI6IjNkTUE5cVVMR2w0K2lWM0JlWkZ6YkE9PSIsInZhbHVlIjoiWGNHOHQwSzV6MTVEempDOGh4ZVFCYjF5K0xjVUtLZkQxbjlER29xMUlxNGVieUQvRXZRdHdrSkU5NW9zZkJlL1hSa3AxQ29mU05zNUdNUlJTL1VQY3lzMERVbEhJVUgvYjN0NzB5RExxSjc5YWlLMjFwcHNBQjRORUl5VFFXc1QiLCJtYWMiOiIwOTUxYmQ1MjlkMTA4YmMyOGMwNDZjMjFmNzhiNTdlNjFiMDEwZGQ0NTZiOWE0MTdiMzY0MDkxYWRiOWI2M2VkIn0%3D\"],\"accept-language\":[\"zh-CN,zh;q=0.9,en;q=0.8\"],\"accept-encoding\":[\"gzip, deflate\"],\"referer\":[\"http:\\/\\/local.cms.com\\/system\\/user\\/index\"],\"origin\":[\"http:\\/\\/local.cms.com\"],\"content-type\":[\"application\\/x-www-form-urlencoded; charset=UTF-8\"],\"user-agent\":[\"Mozilla\\/5.0 (Macintosh; Intel Mac OS X 10_15_7) AppleWebKit\\/537.36 (KHTML, like Gecko) Chrome\\/86.0.4240.111 Safari\\/537.36\"],\"x-requested-with\":[\"XMLHttpRequest\"],\"x-csrf-token\":[\"IMSAupb1gYXx9OCsivyVujQ4AXwd8jMYUJYfEfkJ\"],\"accept\":[\"application\\/json, text\\/javascript, *\\/*; q=0.01\"],\"content-length\":[\"73\"],\"connection\":[\"keep-alive\"],\"host\":[\"local.cms.com\"]},\"input\":{\"username\":\"111\",\"realname\":\"test\",\"phone\":\"\",\"email\":\"\",\"role_ids\":[\"1\"]}}', '2020-10-24 00:24:33', NULL);
INSERT INTO `admin_operate_log` VALUES (30, 1, 'admin', '禁用用户', 'system/user/switch_status', '8', '操作成功', '{\"ip\":\"127.0.0.1\",\"headers\":{\"cookie\":[\"XSRF-TOKEN=eyJpdiI6IjV4MFhKeEFqSWwwTVpYSnhDSTdOcEE9PSIsInZhbHVlIjoiL2VYdkJta2kySHBwWUl1TWlSMTFLMkVDL21Jci9QUmtTUjVMQmx1a2VNSXA0SklmeWtkTlR0VllvdnZaNUhyemxZTmRna1JudHVhNTRhaC9lRm9NWHJIV0RURWFpbmFEcnNoRUEzSWdPK3J6NnJEN1dkMGowaTFIK2Fhall4N1EiLCJtYWMiOiIwZTBhOGM0OWI5YmQ4YzQ1Yjc4MThmY2M2Mjk4NjAxN2JjMmI0ZDdmMDQxNTIxY2NjYTNjMmI0MTFhMDI0ZWU2In0%3D; hoteloms_session=eyJpdiI6IjhPQWJTb3V3eEwrNDFCVGk2Qk9ydmc9PSIsInZhbHVlIjoiKzNpSnFzZUg0RmlZZElLQU8yMzVqWXVUamFTd1JWK2dWTTNBclBZZ3pCSm8yOTBTdWplclRQNVAvem9wRFhHbmQ2MU9sdXZHMVY5c1BpTVBod0szK1k5bnZGMEJ5SzVCMU1CUlQwU1hvU3U1WExIRlE0WVVvdHhQeGdEeENQbk8iLCJtYWMiOiJkZTVkODRjNzdlY2M4ZmRhNDVmMjQ2NjNiNzk0MDU1NjlkODUxMTA3NDEwOGQ4ZDg1YmZiMzY1MzdjZjkzNDAwIn0%3D\"],\"accept-language\":[\"zh-CN,zh;q=0.9,en;q=0.8\"],\"accept-encoding\":[\"gzip, deflate\"],\"referer\":[\"http:\\/\\/local.cms.com\\/system\\/user\\/index\"],\"origin\":[\"http:\\/\\/local.cms.com\"],\"content-type\":[\"application\\/x-www-form-urlencoded; charset=UTF-8\"],\"user-agent\":[\"Mozilla\\/5.0 (Macintosh; Intel Mac OS X 10_15_7) AppleWebKit\\/537.36 (KHTML, like Gecko) Chrome\\/86.0.4240.111 Safari\\/537.36\"],\"x-requested-with\":[\"XMLHttpRequest\"],\"x-csrf-token\":[\"IMSAupb1gYXx9OCsivyVujQ4AXwd8jMYUJYfEfkJ\"],\"accept\":[\"application\\/json, text\\/javascript, *\\/*; q=0.01\"],\"content-length\":[\"4\"],\"connection\":[\"keep-alive\"],\"host\":[\"local.cms.com\"]},\"input\":{\"id\":\"8\"}}', '2020-10-24 00:34:35', NULL);
INSERT INTO `admin_operate_log` VALUES (31, 1, 'admin', '禁用用户', 'system/user/switch_status', '8', '操作成功', '{\"ip\":\"127.0.0.1\",\"headers\":{\"cookie\":[\"XSRF-TOKEN=eyJpdiI6InpuRFYvaWJoZnU4Wk9XbEs2UWc5WFE9PSIsInZhbHVlIjoiZnkrdzIvRDRualhXeHl4aGJEcGVQNFZDN3pxVGhkQTNnK0IxNFZSSDlBT3pxdktKLzFDMHhwczhML21wL2syT01NKzA1TUxpNVNQYzgxRDc5Y3lxcGZKT2xhd3R5SXlyMkZraHRUaE4ydUsrTWZPQXVhKzVsV1ZkVUVJMXJRai8iLCJtYWMiOiI3OTE2NmQwOGQwZDk0YzczZTUyZDI4NTFlZDJlOTE2MDEyZTJlMzdlYjE5N2MzMDAzMGIwMmI0NzAzNWFmZjA2In0%3D; hoteloms_session=eyJpdiI6IkplQlFXbnB2b2FJVmVSTDRGWlYzakE9PSIsInZhbHVlIjoiY2YvaUwzUEcreE1GTk9ZRy8vUWZwd0VaRDQ3eStFWCtURDlYeFhMOU8zaE1Dclg2T2RsSmxHUFdMYkg3Z01Db2ExMFZWMmxOMG54VE9yUmhOWnFSdjhBU1dqMWQ3WGgxTWFsdnlEY212dnFGalNid0RBL3NFWHkydmJyNGdOMHUiLCJtYWMiOiIwYjU0NzkyNTIzMzFjYmJiZTRmY2VmZDQ5NDkyM2RlMWUwMTVkNjg5M2UxNWEwOGFjODhjNjA1NGVjMzg0ZThhIn0%3D\"],\"accept-language\":[\"zh-CN,zh;q=0.9,en;q=0.8\"],\"accept-encoding\":[\"gzip, deflate\"],\"referer\":[\"http:\\/\\/local.cms.com\\/system\\/user\\/index\"],\"origin\":[\"http:\\/\\/local.cms.com\"],\"content-type\":[\"application\\/x-www-form-urlencoded; charset=UTF-8\"],\"user-agent\":[\"Mozilla\\/5.0 (Macintosh; Intel Mac OS X 10_15_7) AppleWebKit\\/537.36 (KHTML, like Gecko) Chrome\\/86.0.4240.111 Safari\\/537.36\"],\"x-requested-with\":[\"XMLHttpRequest\"],\"x-csrf-token\":[\"IMSAupb1gYXx9OCsivyVujQ4AXwd8jMYUJYfEfkJ\"],\"accept\":[\"application\\/json, text\\/javascript, *\\/*; q=0.01\"],\"content-length\":[\"4\"],\"connection\":[\"keep-alive\"],\"host\":[\"local.cms.com\"]},\"input\":{\"id\":\"8\"}}', '2020-10-24 00:34:39', NULL);
INSERT INTO `admin_operate_log` VALUES (32, 1, 'admin', '启用用户', 'system/user/switch_status', '8', '操作成功', '{\"ip\":\"127.0.0.1\",\"headers\":{\"cookie\":[\"XSRF-TOKEN=eyJpdiI6ImFiQ2tzbFJTNkx0eEU1THB1eUxtaHc9PSIsInZhbHVlIjoiU3A2NjB0ME43dC9ZTStkdklkTzNOQ2s2TmlyQlc3MHBLZytZSy9yeG9td1g4VEtnNEV5Y3ZiUEM2K2FoYitTVE1KSkJnL3JGQmZUWU5ZRE55Y2hacVptd3dvQWgxbWg2KzlodXFnN0FWeTNLWC80elhmT2tXaUxETHpoNE1ZUTkiLCJtYWMiOiJkYTgxOTFkN2NlM2M4NDUwZDViZGQ0MjRmNzRhNTIzMWIzNjIwMTExNTc4ZGU5YTJiNjA3NTY5ZmI3ODk4NzBkIn0%3D; hoteloms_session=eyJpdiI6Im9tcU12Y2pXdTh0azY1dTdxcVN2aFE9PSIsInZhbHVlIjoiSm11Tml2UC8zQm11WlFWdFpMbEtsV3psdzZrb3ExTDRjUEovZE9FRTFUclVYQkN1WGpzbTRYUkN2OXlvNnJMakw0Q1pZNGFFZnJwQTRuN3BIN0R0YWN5bTBsNHEyMmZGWFFzMStiOXFEUHlCd2pTT1M5aE1VZmdwQmhtbXFtUnoiLCJtYWMiOiJiMjMyNTRjMmUyYzgyZTdkOGI3NDFiMTZlNWZjODMzMjhlYWZkN2RkM2U3M2YxMzE4YjFiZTRjMzk0M2U5MWE5In0%3D\"],\"accept-language\":[\"zh-CN,zh;q=0.9,en;q=0.8\"],\"accept-encoding\":[\"gzip, deflate\"],\"referer\":[\"http:\\/\\/local.cms.com\\/system\\/user\\/index\"],\"origin\":[\"http:\\/\\/local.cms.com\"],\"content-type\":[\"application\\/x-www-form-urlencoded; charset=UTF-8\"],\"user-agent\":[\"Mozilla\\/5.0 (Macintosh; Intel Mac OS X 10_15_7) AppleWebKit\\/537.36 (KHTML, like Gecko) Chrome\\/86.0.4240.111 Safari\\/537.36\"],\"x-requested-with\":[\"XMLHttpRequest\"],\"x-csrf-token\":[\"IMSAupb1gYXx9OCsivyVujQ4AXwd8jMYUJYfEfkJ\"],\"accept\":[\"application\\/json, text\\/javascript, *\\/*; q=0.01\"],\"content-length\":[\"4\"],\"connection\":[\"keep-alive\"],\"host\":[\"local.cms.com\"]},\"input\":{\"id\":\"8\"}}', '2020-10-24 00:34:55', NULL);
INSERT INTO `admin_operate_log` VALUES (33, 1, 'admin', '禁用用户', 'system/user/switch_status', '8', '操作成功', '{\"ip\":\"127.0.0.1\",\"headers\":{\"cookie\":[\"XSRF-TOKEN=eyJpdiI6IkxQVml4ME5FeHMyU3pLdDczckQwd1E9PSIsInZhbHVlIjoiZmREYXZWUksxTWxJMUZsTnRTVHV3QnRlMGQ2SDgzQnJFaUlWaUtwMElDTVZIM1R2dDJISkFyU3ZkV1RlS2lMOXYzbVlUa1ByOXo2cHBSNW4vTDd4djQ3b0RSelUzNGIwNHdjYWdNVWlBdTFTSVVtOTh0ekwzZzZDdWRSWVNBcFYiLCJtYWMiOiJmMWU3Y2E2NDI3ODBlNWYxNDgwMDkxMjRhNjNlNTE0YWZjZWQxYjE4OGZhODAxYzMzYjUzN2M4OGI2YTYzNTgxIn0%3D; hoteloms_session=eyJpdiI6Im8ydDBXSkh6dTRETzZEOFhobk5jT2c9PSIsInZhbHVlIjoidVd5eExlWjNxYXZ3b01CQ1dSTFVXYTQ2RXNydjFBR0ZQYmJQZEtIaDVoTE9INVlqYkRjY2cxNWM4Q3Z4ZXpObk1vRGg5Wlp6ZTJEWXJaQ3dEdzRSZHZTSGNyMW4zNTF3NlpQN0twVXNFbzgxRGxEL0g1MkJFank3TThiU2NwQ2ciLCJtYWMiOiJiOTkxZGRkOWY4NmYzMTIyZDg4YmQ3MmJhYWJhNzQ2NGRiMGNmNmY3NWU5ODNiN2QxODRjNzRlYjJkMzA1OTFmIn0%3D\"],\"accept-language\":[\"zh-CN,zh;q=0.9,en;q=0.8\"],\"accept-encoding\":[\"gzip, deflate\"],\"referer\":[\"http:\\/\\/local.cms.com\\/system\\/user\\/index\"],\"origin\":[\"http:\\/\\/local.cms.com\"],\"content-type\":[\"application\\/x-www-form-urlencoded; charset=UTF-8\"],\"user-agent\":[\"Mozilla\\/5.0 (Macintosh; Intel Mac OS X 10_15_7) AppleWebKit\\/537.36 (KHTML, like Gecko) Chrome\\/86.0.4240.111 Safari\\/537.36\"],\"x-requested-with\":[\"XMLHttpRequest\"],\"x-csrf-token\":[\"IMSAupb1gYXx9OCsivyVujQ4AXwd8jMYUJYfEfkJ\"],\"accept\":[\"application\\/json, text\\/javascript, *\\/*; q=0.01\"],\"content-length\":[\"4\"],\"connection\":[\"keep-alive\"],\"host\":[\"local.cms.com\"]},\"input\":{\"id\":\"8\"}}', '2020-10-24 00:34:57', NULL);
INSERT INTO `admin_operate_log` VALUES (34, 1, 'admin', '启用用户', 'system/user/switch_status', '8', '操作成功', '{\"ip\":\"127.0.0.1\",\"headers\":{\"cookie\":[\"XSRF-TOKEN=eyJpdiI6Ii96aGs4Z2RaUG9jVUQ3YWJxNlZFSnc9PSIsInZhbHVlIjoic2o3Q1luc0ZjUHlWcW9rSURZKzJWRkttUEl0YzJNZmlnQVY1bDdvdE1pYnJJQkpsdmdkdkl3Y2xzMEFuWVR6WnhwZXJIdHlVNmFmQUd3Um8rekhJdlg2SzhrWlRXM3kzek40cWpnSzBuYWpNTFBMdHI4bkxCWkV0Z2VFQVB6VTYiLCJtYWMiOiJkZDQxOWY0Y2ZlOWI1ODI3YmI1OTNlYzM2NGZjZjI5N2VjZGRmYjVhODRlZGQ0MTc1ZTJjZDE2ZGExNjM0OWY5In0%3D; hoteloms_session=eyJpdiI6IlRsRHhYcytSY2tKMXZmOEtrUmZzR2c9PSIsInZhbHVlIjoiNUdJaUsvQkxxZVVWYmhPeUorK1NDZmNvZGlOWWM1ZTZGNHMyb25RWFgrVXBRZ09IblppRWo0MFgzYWVKYWJGdytia0ZZRzQrNmZRMy9GK2pta0R6UWxUcU5vczdIdkl4N0dTVXcxUFJDbkhJenRlWSt3ZW1OR3gyK1NiNU91K0siLCJtYWMiOiI5MGFjMGNmYjE2MGNiNDlhOGVkNGQ5MmI2ODQxMmZjYjljZmE5YTRjNTg2MmIzYjZhZDBlMmVkMTZiNTEwMTE3In0%3D\"],\"accept-language\":[\"zh-CN,zh;q=0.9,en;q=0.8\"],\"accept-encoding\":[\"gzip, deflate\"],\"referer\":[\"http:\\/\\/local.cms.com\\/system\\/user\\/index\"],\"origin\":[\"http:\\/\\/local.cms.com\"],\"content-type\":[\"application\\/x-www-form-urlencoded; charset=UTF-8\"],\"user-agent\":[\"Mozilla\\/5.0 (Macintosh; Intel Mac OS X 10_15_7) AppleWebKit\\/537.36 (KHTML, like Gecko) Chrome\\/86.0.4240.111 Safari\\/537.36\"],\"x-requested-with\":[\"XMLHttpRequest\"],\"x-csrf-token\":[\"IMSAupb1gYXx9OCsivyVujQ4AXwd8jMYUJYfEfkJ\"],\"accept\":[\"application\\/json, text\\/javascript, *\\/*; q=0.01\"],\"content-length\":[\"4\"],\"connection\":[\"keep-alive\"],\"host\":[\"local.cms.com\"]},\"input\":{\"id\":\"8\"}}', '2020-10-24 00:36:45', NULL);
INSERT INTO `admin_operate_log` VALUES (35, 1, 'admin', '删除用户', 'system/role/delete', '2', '操作成功', '{\"ip\":\"127.0.0.1\",\"headers\":{\"cookie\":[\"XSRF-TOKEN=eyJpdiI6InN6eVNmRFV5NmVPZlprZG9QMldLZ2c9PSIsInZhbHVlIjoiRlk1MW4xRUJjT29CYk9Pc1hlTkg5MU95eWVJaEJWMWFaR0dHWDlsUHkyMm9OYnZKdDNZNTFGWEhmUXNMYUE5dWRMNzEzVWdyRThlYVQ5ZFlYOTVyZG9GUGgzVmx1NnJHQ3VVWHBnNVNvWW9pTC9QNEZaOStxQkRqTldjTTBIVmYiLCJtYWMiOiJhYzQ2YWExMzg2NDZmN2JjYTAxMWVmYmZmY2ZkYmM0ZjM4NTk1OGQ2ZmViOWU2OGZiYWUxY2NjY2U5ODA1MGM0In0%3D; hoteloms_session=eyJpdiI6IjMvVzJ5a29teDNqaldJNFVXRTRRa0E9PSIsInZhbHVlIjoiUkczb0lSUUFyR0NRV2lSaXBrSnVQa0d0QUl6VVdDblBqby9OWFAxNzg0ZU85NXNRSFdZdHhqOUF6MG5mQnNadjg1NkYxcit3NDlEemV4MDk5UUJhSzROK1BJNEpSV3IwYkFvRFRtM1BpdTdENGlXQ0xNVGxuaW5mOExQZFk4cDYiLCJtYWMiOiJhNzhjMjM2ZmEzMmQxYmM2YTk4YTNlZjczMzE1ZmUwYmFhODgwZTExNjk5M2M3OTNkMWUwOTVlNjc4ODdjOGUxIn0%3D\"],\"accept-language\":[\"zh-CN,zh;q=0.9,en;q=0.8\"],\"accept-encoding\":[\"gzip, deflate\"],\"referer\":[\"http:\\/\\/local.cms.com\\/system\\/role\\/index\"],\"origin\":[\"http:\\/\\/local.cms.com\"],\"content-type\":[\"application\\/x-www-form-urlencoded; charset=UTF-8\"],\"user-agent\":[\"Mozilla\\/5.0 (Macintosh; Intel Mac OS X 10_15_7) AppleWebKit\\/537.36 (KHTML, like Gecko) Chrome\\/86.0.4240.111 Safari\\/537.36\"],\"x-requested-with\":[\"XMLHttpRequest\"],\"x-csrf-token\":[\"IMSAupb1gYXx9OCsivyVujQ4AXwd8jMYUJYfEfkJ\"],\"accept\":[\"*\\/*\"],\"content-length\":[\"4\"],\"connection\":[\"keep-alive\"],\"host\":[\"local.cms.com\"]},\"input\":{\"id\":\"2\"}}', '2020-10-24 00:43:41', NULL);
INSERT INTO `admin_operate_log` VALUES (36, 1, 'admin', '分配权限', 'system/role/permissions', '1', '操作成功', '{\"ip\":\"127.0.0.1\",\"headers\":{\"cookie\":[\"XSRF-TOKEN=eyJpdiI6IjhFcC9yWFB6RjBTYm9oRTFSQnJwcXc9PSIsInZhbHVlIjoiM1o0SnZsL0ZJdU94eXJpTHpWZTk2Y3NCRElnNkVydW9FZ201TWRjWHBDK2FjY1hVUlZham9SK3BhOUx3OGZXRXlEMTdHSHR4Rk1hMTVWREU4WWh2c2xWNzJHek1IcFhOalUrWENhenIxV1BOS2ljK0ViUjR0VStKTHAxQlRxWDYiLCJtYWMiOiIwYTQwMGNlNDBmYzliODVkZmM3N2U3OWRlYzdhYTgwNmM0MGEzYjlmNmI1ZjIwMTdmNzk4YzMyMGVmYzRiZWI0In0%3D; hoteloms_session=eyJpdiI6Ikd2LzRHMWFKS0NPRTJxdjFkK2Q2enc9PSIsInZhbHVlIjoiOS81cHVWL1g4MTNlQ3c1SVY4bkIxL2RXVEUvTGMrZm1sQnNvdkVtdElISi9YV0FEWjdsQU51V1NHT01mRE42MFMxTGV0L2tkNTVKKytDZ3ZEYnlqc2ErYWJlc3FhS1RFUUc2b2tkaU96VU5WOUFGZzlTOEhaUzNkWUNoM21lNnQiLCJtYWMiOiJmYTNmZTdmMTZiM2U1NTcwMGIxODcyNWU0ZjMyMzFlNWNjMWFlMmJhMjg1YmJhMTkxMjFlZjM0NGNiZGY1ZTVjIn0%3D\"],\"accept-language\":[\"zh-CN,zh;q=0.9,en;q=0.8\"],\"accept-encoding\":[\"gzip, deflate\"],\"referer\":[\"http:\\/\\/local.cms.com\\/system\\/role\\/permissions?id=1\"],\"origin\":[\"http:\\/\\/local.cms.com\"],\"content-type\":[\"application\\/x-www-form-urlencoded; charset=UTF-8\"],\"user-agent\":[\"Mozilla\\/5.0 (Macintosh; Intel Mac OS X 10_15_7) AppleWebKit\\/537.36 (KHTML, like Gecko) Chrome\\/86.0.4240.111 Safari\\/537.36\"],\"x-requested-with\":[\"XMLHttpRequest\"],\"x-csrf-token\":[\"IMSAupb1gYXx9OCsivyVujQ4AXwd8jMYUJYfEfkJ\"],\"accept\":[\"application\\/json, text\\/javascript, *\\/*; q=0.01\"],\"content-length\":[\"374\"],\"connection\":[\"keep-alive\"],\"host\":[\"local.cms.com\"]},\"input\":{\"permission_ids\":[\"4\",\"2\",\"10\",\"11\",\"3\",\"12\",\"13\",\"14\",\"1\",\"7\",\"8\",\"9\",\"5\",\"6\"],\"_token\":\"IMSAupb1gYXx9OCsivyVujQ4AXwd8jMYUJYfEfkJ\",\"id\":\"1\"}}', '2020-10-24 00:48:32', NULL);
INSERT INTO `admin_operate_log` VALUES (37, 1, 'admin', '分配权限', 'system/role/permissions', '1', '操作成功', '{\"ip\":\"127.0.0.1\",\"headers\":{\"cookie\":[\"XSRF-TOKEN=eyJpdiI6IksxUlgrTWl4T1hBOVNQWWs3UGIyc2c9PSIsInZhbHVlIjoiVkZFSHpYK1JWOVJnMGZIWWpRMVhJeVNlM3l0UHFrTUlsSDdxMEk0OWxTVFRITXhQRWJlNzgxMnFSb1Y4aHpIR3g3c2VRME5JVE1Nb2NjdlphQ2hTVm1WNFJPcC9FZnpvdU5sc0dLZG1CVzVneXl3cTEyOTU4MjFDNGVNWUhzS2siLCJtYWMiOiJiODRkZTExNjY4NDFkNzE1MDIxYjgxM2JiZGQ4NWFmMGUzM2MxOTk0ZmNlMTQzODQzMDk1NjU0MTM4YTY1ZWZiIn0%3D; hoteloms_session=eyJpdiI6IkVFYTd1dTgwQUFTRjJNbU51WGhIYVE9PSIsInZhbHVlIjoicmZ2U3hNalA2aW5JZ1lTQStsb1EyVlFhSnVyeEY5ZERRU0FQMThvUEhBaDk0R245V0lOd2FZRDhqc1FWcjRSOUh1d3ZjNDBOeFZFbG9vNHd0R3R6dVBGYkY1SWdFYXB0MlJsTWdVdW8xbGx4YjJvOWZ3Z1oyQ3VHNXNKMllDVVoiLCJtYWMiOiJjYTg3ZjZkYmFiYmE5OTNmYjlkMTA0OGYwYmU3ZmNiMzQ1NDU5YTNhM2M2NzA5MTg1NDY4ZGM4ZjJkNDk4YmUzIn0%3D\"],\"accept-language\":[\"zh-CN,zh;q=0.9,en;q=0.8\"],\"accept-encoding\":[\"gzip, deflate\"],\"referer\":[\"http:\\/\\/local.cms.com\\/system\\/role\\/permissions?id=1\"],\"origin\":[\"http:\\/\\/local.cms.com\"],\"content-type\":[\"application\\/x-www-form-urlencoded; charset=UTF-8\"],\"user-agent\":[\"Mozilla\\/5.0 (Macintosh; Intel Mac OS X 10_15_7) AppleWebKit\\/537.36 (KHTML, like Gecko) Chrome\\/86.0.4240.111 Safari\\/537.36\"],\"x-requested-with\":[\"XMLHttpRequest\"],\"x-csrf-token\":[\"IMSAupb1gYXx9OCsivyVujQ4AXwd8jMYUJYfEfkJ\"],\"accept\":[\"application\\/json, text\\/javascript, *\\/*; q=0.01\"],\"content-length\":[\"422\"],\"connection\":[\"keep-alive\"],\"host\":[\"local.cms.com\"]},\"input\":{\"permission_ids\":[\"4\",\"2\",\"10\",\"11\",\"36\",\"37\",\"3\",\"12\",\"13\",\"14\",\"1\",\"7\",\"8\",\"9\",\"5\",\"6\"],\"_token\":\"IMSAupb1gYXx9OCsivyVujQ4AXwd8jMYUJYfEfkJ\",\"id\":\"1\"}}', '2020-10-24 00:48:40', NULL);
INSERT INTO `admin_operate_log` VALUES (38, 1, 'admin', '删除权限', 'system/permission/delete', '40', '操作成功', '{\"ip\":\"127.0.0.1\",\"headers\":{\"cookie\":[\"XSRF-TOKEN=eyJpdiI6IlR2M0xsZ1M3K2sydUpPei9EYzdudFE9PSIsInZhbHVlIjoiY3NmQ09VZnk5WEN0NCtONHVhdm04bzVxVkJPZGVwZTgzV0xhVGtiR3ZiOG44ZVRtcjdyQSt6UzNiYUR2TVpWTUtHR0ZHUUJJeFVLblp6dFFINHAwbS9DT3dUYjVzUmVWdlovMXlDa3Y0SnV6bGZJUGZLM3plUThPV21tcGt0MEciLCJtYWMiOiJiMjQxM2YxZjBhNjg5Nzc1ZGVhYjUwMmQ5OTgzNmNmZjBkOGQ2NzAyNzFkYTc0OWFmYzUzZDJjMjY1YzczM2QwIn0%3D; hoteloms_session=eyJpdiI6InpnNndaRUlKZlpmT2h1OXpCQjg3Tmc9PSIsInZhbHVlIjoiTHlmK2hDL1FxYWY1Y1VIUlV1NTRYblYvcXlCeEdLTy9VNU5ER2hZSWhNbHJHSzFzVmFFclNFSWYxSGR0OUxqNE1sMDNqbDNnaXlZTHFGNnp4WncvV0lYSW9tZzd2Y0Npbi9wZzdaalBKbGRNQzF6T2ozMEgwMVZhekVnTFEzL1IiLCJtYWMiOiJlMjU4NjlhYjA5NzU3N2IzMzdkNjZlYjJhNzZmNzQ3YjdjMTkzYmU0ZDVlYTVjMTA3NmM5NWU4MjIyODM0OTRjIn0%3D\"],\"accept-language\":[\"zh-CN,zh;q=0.9,en;q=0.8\"],\"accept-encoding\":[\"gzip, deflate\"],\"referer\":[\"http:\\/\\/local.cms.com\\/system\\/permission\\/index\"],\"origin\":[\"http:\\/\\/local.cms.com\"],\"content-type\":[\"application\\/x-www-form-urlencoded; charset=UTF-8\"],\"user-agent\":[\"Mozilla\\/5.0 (Macintosh; Intel Mac OS X 10_15_7) AppleWebKit\\/537.36 (KHTML, like Gecko) Chrome\\/86.0.4240.111 Safari\\/537.36\"],\"x-requested-with\":[\"XMLHttpRequest\"],\"x-csrf-token\":[\"IMSAupb1gYXx9OCsivyVujQ4AXwd8jMYUJYfEfkJ\"],\"accept\":[\"*\\/*\"],\"content-length\":[\"5\"],\"connection\":[\"keep-alive\"],\"host\":[\"local.cms.com\"]},\"input\":{\"id\":\"40\"}}', '2020-10-24 01:05:34', NULL);
INSERT INTO `admin_operate_log` VALUES (39, 1, 'admin', '禁用角色', 'system/role/switch_status', '1', '操作成功', '{\"ip\":\"127.0.0.1\",\"headers\":{\"cookie\":[\"XSRF-TOKEN=eyJpdiI6Ims2WHNZQUhpOHFxejVzQVlBNEVMdFE9PSIsInZhbHVlIjoiQ3I2UXJZOHdZSmJ3Y2tTUGQ5SkVHc2FsNnRlSzZJZ3huS3pGVjFZa2c3aUhqZjRyN2ZLSUVlUG9NUkxvMkVRdkFMSGx4Mms2amx3QTFldlIxTTc0VmZOeFdLcnFJVnJYWTlGcnV6ZWxKb0VENVhxcFZMWml6Snh2SDMyZ1lnMUQiLCJtYWMiOiI5MDhlY2Q1ZjIwN2U1NzU3ZGY4ZGQxNDEzZGQ3N2I1ODU4ZmM5Y2NiN2FiNWRhMzEwMjAxM2IyNzA2ZjZjMTBhIn0%3D; hoteloms_session=eyJpdiI6IkFGc3gwRVZ4Z2dRSXFTbXBxdzhiMkE9PSIsInZhbHVlIjoiZnJyOHpqQitXZ21rSWRrZU9qN1pWbVVsdkZxMWJUaVVrL3hnZkwwOU5YTHZVcmlyaUJrYUdMWUhVMndQNStlYXJ0TTNIV3hMdHArS2Y4SEhzSlZZNUpOdWxzR3pNMTJheS9SY0FXeGpIS09iZDJob1ZYSFpTak5wNnB1ajNoWUUiLCJtYWMiOiJiZjBiNTQ4MjFjMTQyMWJlZDJkNzE0OWExMTU5ZmIyMTc2YTU1ZTZhOTkzYjI1ODA4YjIxNDdkOWJjOGU3OGZhIn0%3D\"],\"accept-language\":[\"zh-CN,zh;q=0.9,en;q=0.8\"],\"accept-encoding\":[\"gzip, deflate\"],\"referer\":[\"http:\\/\\/local.cms.com\\/system\\/role\\/index\"],\"origin\":[\"http:\\/\\/local.cms.com\"],\"content-type\":[\"application\\/x-www-form-urlencoded; charset=UTF-8\"],\"user-agent\":[\"Mozilla\\/5.0 (Macintosh; Intel Mac OS X 10_15_7) AppleWebKit\\/537.36 (KHTML, like Gecko) Chrome\\/86.0.4240.111 Safari\\/537.36\"],\"x-requested-with\":[\"XMLHttpRequest\"],\"x-csrf-token\":[\"IMSAupb1gYXx9OCsivyVujQ4AXwd8jMYUJYfEfkJ\"],\"accept\":[\"application\\/json, text\\/javascript, *\\/*; q=0.01\"],\"content-length\":[\"4\"],\"connection\":[\"keep-alive\"],\"host\":[\"local.cms.com\"]},\"input\":{\"id\":\"1\"}}', '2020-10-24 01:20:56', NULL);
INSERT INTO `admin_operate_log` VALUES (40, 1, 'admin', '启用角色', 'system/role/switch_status', '1', '操作成功', '{\"ip\":\"127.0.0.1\",\"headers\":{\"cookie\":[\"XSRF-TOKEN=eyJpdiI6IkhudUg4bFZFTXNsN2k2SGMwbVpzM2c9PSIsInZhbHVlIjoiNEN6WnM0VzJ2eDNUeklUTXFuRnJqNW10R083UWpyNDV1R0hzWkphak9mU2p0MEkxYTJoeW5pYU1hanZIbitpUTM1ckgrakFpdldwdnRTbG5BdkxaejRVU2hRc2hXbkZUaGVlcC9VRVAzcUdPd1kzbHhEd3BmTGNkQ2FwbGRqb28iLCJtYWMiOiI2MzJlZWQ3OGU5NWM5ZjA5OTAwOGJkMDI3ZGY5MzFiNTQ3OWRlNGU3NzhhNmI2MGQ1ZGVhNzUzZjg3OWNhMjg3In0%3D; hoteloms_session=eyJpdiI6IllTMWttd2kzSWVQV0xtMVIrWTFVb1E9PSIsInZhbHVlIjoiYnF3cDZoWGhRWHFNTlM3clpUdmNWNkVMekJNTXNhNDY1RW9Eb0c3Q0VxbVg4THhrWGpoZ0hrVnlIOHdmODVra1JXSzZHeEFYUEFEZzZiUlNiaUhORkQ1NThqeDFWSFhzcC8yV3BkVUdvbXFZMmhNYnJxTWJkNktqZS83Z3MyYlEiLCJtYWMiOiI4OTQxNmYyMmJkZTA2MDRiZWNjMDg0OTY1YTdjMTM5NGZiZWQ2NjYwOTI5ODBhZWY0NGIxZDVlZjI0NjUzMGUzIn0%3D\"],\"accept-language\":[\"zh-CN,zh;q=0.9,en;q=0.8\"],\"accept-encoding\":[\"gzip, deflate\"],\"referer\":[\"http:\\/\\/local.cms.com\\/system\\/role\\/index\"],\"origin\":[\"http:\\/\\/local.cms.com\"],\"content-type\":[\"application\\/x-www-form-urlencoded; charset=UTF-8\"],\"user-agent\":[\"Mozilla\\/5.0 (Macintosh; Intel Mac OS X 10_15_7) AppleWebKit\\/537.36 (KHTML, like Gecko) Chrome\\/86.0.4240.111 Safari\\/537.36\"],\"x-requested-with\":[\"XMLHttpRequest\"],\"x-csrf-token\":[\"IMSAupb1gYXx9OCsivyVujQ4AXwd8jMYUJYfEfkJ\"],\"accept\":[\"application\\/json, text\\/javascript, *\\/*; q=0.01\"],\"content-length\":[\"4\"],\"connection\":[\"keep-alive\"],\"host\":[\"local.cms.com\"]},\"input\":{\"id\":\"1\"}}', '2020-10-24 01:20:58', NULL);
INSERT INTO `admin_operate_log` VALUES (41, 1, 'admin', '禁用轮播图', 'content/slide/operation', '1', '操作成功', '{\"ip\":\"127.0.0.1\",\"headers\":{\"cookie\":[\"XSRF-TOKEN=eyJpdiI6IlNzVW1ZeUxNL3hpQlhlSVdNeEN3UlE9PSIsInZhbHVlIjoid2J5MHhSdzZTOEVyUVRWQnpDUm1TSmN4ckdMeEVVY3BQSjh5U3F5YysxRjZnc056TUpKbFM4dTJGUWl2bENvV04vdEtqK2RqU0ppQVFua2RxSmZGUkJOQlRJaXVhOXpXNFE5cS9ycGhvOVcwa1p6RmtzczRlUEh2dFg4RDR1OTIiLCJtYWMiOiJlOTI2MGNjYmFlMDM4MzdlNjQxNjhkNDA2M2ViMzE5NjhlNzhkOTY0M2VjYjMyMWI4YWI5YWEzZDg5NGIwNWZlIn0%3D; hoteloms_session=eyJpdiI6IkMycFBpN2owWndGM3FDSzA1UXVNblE9PSIsInZhbHVlIjoiQnpFZkFzWkVRZG5HRDBvSkhMQkVkWWFZMkhaSVBDZ2VMc0hwbDVkY2lvYmZnL0U3T3VJKzl4VmNJN0tHdjlxTDRMYjdYaVFrNW9iMkNwNDRQMFdpOTVvdFJoU0FzajhSZWR5Q011aWl0YVkxQzIvWHp2UUxVWFhsNEpTMzN1VFQiLCJtYWMiOiI3M2M2MDhhY2ZhMThhYzdiNWE2NjNlYTE1MzIyNDE3MGRiMTc1YzgxNmIyMzkwNTVlNDM0ODQ5Y2ZlMTdmNTFiIn0%3D\"],\"accept-language\":[\"zh-CN,zh;q=0.9,en;q=0.8\"],\"accept-encoding\":[\"gzip, deflate\"],\"referer\":[\"http:\\/\\/local.cms.com\\/content\\/slide\\/index\"],\"origin\":[\"http:\\/\\/local.cms.com\"],\"content-type\":[\"application\\/x-www-form-urlencoded; charset=UTF-8\"],\"user-agent\":[\"Mozilla\\/5.0 (Macintosh; Intel Mac OS X 10_15_7) AppleWebKit\\/537.36 (KHTML, like Gecko) Chrome\\/86.0.4240.111 Safari\\/537.36\"],\"x-requested-with\":[\"XMLHttpRequest\"],\"x-csrf-token\":[\"IMSAupb1gYXx9OCsivyVujQ4AXwd8jMYUJYfEfkJ\"],\"accept\":[\"application\\/json, text\\/javascript, *\\/*; q=0.01\"],\"content-length\":[\"4\"],\"connection\":[\"keep-alive\"],\"host\":[\"local.cms.com\"]},\"input\":{\"id\":\"1\"}}', '2020-10-24 01:25:21', NULL);
INSERT INTO `admin_operate_log` VALUES (42, 1, 'admin', '启用轮播图', 'content/slide/operation', '1', '操作成功', '{\"ip\":\"127.0.0.1\",\"headers\":{\"cookie\":[\"XSRF-TOKEN=eyJpdiI6IldnazZmbkpjTXVuaTBuTmh1bEhIL2c9PSIsInZhbHVlIjoiQTBZR0JKZi9yTStZbFNUaU5jZ2JTa2paS2ZiOW1IOWdYemxIZ0RrS2N5L2toazIrenhYTmFZNXlsWXdGK0lkUjRwbHQxK2RnV0ZHSXIvOTlJdW5JQURKREloVS9jMTI5QnJLRWNIaSsvSk1xZ1pMKzFzL1AxODJ3cGhVNHp1T3IiLCJtYWMiOiJjNzRhZjg4YWFlZjY1NWE1NzU0Zjc1YmRiZGE0MGYxNjM2ZDA1ODZjZWJmYWI5YTAzN2FjMjNlNGZhM2ZmYmJkIn0%3D; hoteloms_session=eyJpdiI6IjBDTEI4L0dCSnNEMHVsaFA5MlZiZXc9PSIsInZhbHVlIjoiVG8wWmtvTWJFb0I3T0pNOHVnR2Y0OE1UNmJ1NUt0cTdQS0Z3ZytDU0RxeHBQRzdaeEVuVTRJOHRBQ05WZUdzWk1WR2hyejhVaWZ1YnBaWUI2emhJOTBUTVFUMjVXYXhEVnErdXFYRE05WHdVOWloZVA1ZThJdHpKWm5xL2RZbGoiLCJtYWMiOiIxMDA4YmVkN2FlZTE3NjkyYmFiOTE5OTY3ZDZmMjNiMTA2ODA1NTFjNmQ1NTUwZDVhNTBjYTY0YjYyYmE4N2QyIn0%3D\"],\"accept-language\":[\"zh-CN,zh;q=0.9,en;q=0.8\"],\"accept-encoding\":[\"gzip, deflate\"],\"referer\":[\"http:\\/\\/local.cms.com\\/content\\/slide\\/index\"],\"origin\":[\"http:\\/\\/local.cms.com\"],\"content-type\":[\"application\\/x-www-form-urlencoded; charset=UTF-8\"],\"user-agent\":[\"Mozilla\\/5.0 (Macintosh; Intel Mac OS X 10_15_7) AppleWebKit\\/537.36 (KHTML, like Gecko) Chrome\\/86.0.4240.111 Safari\\/537.36\"],\"x-requested-with\":[\"XMLHttpRequest\"],\"x-csrf-token\":[\"IMSAupb1gYXx9OCsivyVujQ4AXwd8jMYUJYfEfkJ\"],\"accept\":[\"application\\/json, text\\/javascript, *\\/*; q=0.01\"],\"content-length\":[\"4\"],\"connection\":[\"keep-alive\"],\"host\":[\"local.cms.com\"]},\"input\":{\"id\":\"1\"}}', '2020-10-24 01:25:24', NULL);
INSERT INTO `admin_operate_log` VALUES (43, 1, 'admin', '修改轮播图', 'content/slide/edit', '1', '操作成功', '{\"ip\":\"127.0.0.1\",\"headers\":{\"cookie\":[\"XSRF-TOKEN=eyJpdiI6IndaMnZicEU2dDU3NjFTTDVkVUdaM1E9PSIsInZhbHVlIjoiTC81SjlIV2NFNE1rNHNTM0wrRGtuOGk0R0NRQ2F2UWdqT2hkV3hnUUZJZDBIbEZXUHZYQWlWbUYvem5hU2ZqMFc2OWVMTC94djFmbmxXSHI4OC81ZkRnZlhnaEpQb1hDdXZ5SWptZ1RscjJGT2pLZWRxZkpreEVTL0tUVXh2aXQiLCJtYWMiOiI2ZmFkZmY1OGZkYjkwNWFhMTc0MzRlY2MwMjI0NmY0OTM5NjE3MjdkZDJmYWRiNzYxYTY4YzIyMjA4NjFiZjZmIn0%3D; hoteloms_session=eyJpdiI6IjJxdHIwV2YyUXIzTndsU3R2ZGhER3c9PSIsInZhbHVlIjoid05Rd1owbVJGV0VsTDN1anJFMjBUTExFOGJiS1VxZHJ0MEUyS3RQcjFTUjZzVXlNMDJaaE1nUGF5bzc5NWg1TStIcGVPMU1NckQ3emdXTXF2bXJkMFQ1VjRueXNVQVE4emplSGFVeWhldk1pZHB3YnVJbkF1U3o0VEc0ajNHTFoiLCJtYWMiOiIwNzhkMWUxOGQ3N2NiMDliMjZjMjY2OGIzZDU2NTYwYzFkYWY4MzYxNjUzMjA4ZjgwM2QzYWZiNmE3NjE0M2I2In0%3D\"],\"accept-language\":[\"zh-CN,zh;q=0.9,en;q=0.8\"],\"accept-encoding\":[\"gzip, deflate\"],\"referer\":[\"http:\\/\\/local.cms.com\\/content\\/slide\\/index\"],\"origin\":[\"http:\\/\\/local.cms.com\"],\"content-type\":[\"application\\/x-www-form-urlencoded; charset=UTF-8\"],\"user-agent\":[\"Mozilla\\/5.0 (Macintosh; Intel Mac OS X 10_15_7) AppleWebKit\\/537.36 (KHTML, like Gecko) Chrome\\/86.0.4240.111 Safari\\/537.36\"],\"x-requested-with\":[\"XMLHttpRequest\"],\"x-csrf-token\":[\"IMSAupb1gYXx9OCsivyVujQ4AXwd8jMYUJYfEfkJ\"],\"accept\":[\"application\\/json, text\\/javascript, *\\/*; q=0.01\"],\"content-length\":[\"171\"],\"connection\":[\"keep-alive\"],\"host\":[\"local.cms.com\"]},\"input\":{\"title\":\"\\u4e00\\u4e2a\\u730e\\u4eba\",\"url\":\"http:\\/\\/local.cms.com\\/\",\"sort\":\"999\",\"status\":\"1\",\"img\":\"\\/storage\\/20201024\\/image\\/b5f4cfc575bc9146994892aa299f38f38975.jpg\",\"id\":\"1\"}}', '2020-10-24 01:32:19', NULL);
INSERT INTO `admin_operate_log` VALUES (44, 1, 'admin', '添加轮播', 'content/slide/create', '2', '操作成功', '{\"ip\":\"127.0.0.1\",\"headers\":{\"cookie\":[\"XSRF-TOKEN=eyJpdiI6IlFpZE1sVlE1TnBkRjJ5bmtmdW11N3c9PSIsInZhbHVlIjoiOHRXSFVIUDBGaDRYOXoyWHFsOWJUb2JzVnVSZk9hSnhxY2VRZFFtWHhzaEhSeGpVT3VmLzk0aWlqTXZDN0hidldBejhpVDFNTVZoczJVdHVCWlE5OUpaTWtoLzM5RWNTT28wY1IwcksyUGtnRkxtV2VtYjNnMnBJOG5wMS9vcHciLCJtYWMiOiJmZWQxNmFkZTFiYzFiNzVhNWEzNzJlZmVjOWY0NzUwZDUyYzA5OGQwNjRlMzc4OWRjYjllNWFiNTI2MjRmNDQxIn0%3D; hoteloms_session=eyJpdiI6IkVBTi8rNXlnZlBXanlyRCtEaGlsMGc9PSIsInZhbHVlIjoiRFE3LzFCV0paMnpLZmFHeVBRYXNHaFE4TXEvaVhhWEZmS0hTWHVUaTlYOXk0S1VyaGt3alhTcXZvUGZTZko0b04vVDh5RnRnYy9ScmI5eUI4Nk50UkN6T1ZaQUxORmI5NUNJZWpUbVozSEdMWkQ2bXFRYzFhaWI1SkwrRGp1ck8iLCJtYWMiOiIzYzE0YjMzZjliMTc1MWEyNmZlNGFiMzI3Zjg2ZGI5Mjg3YzRkM2UxNTU4MjE2Yzk0NzI5MGRkZDg1OTQ2MDBkIn0%3D\"],\"accept-language\":[\"zh-CN,zh;q=0.9,en;q=0.8\"],\"accept-encoding\":[\"gzip, deflate\"],\"referer\":[\"http:\\/\\/local.cms.com\\/content\\/slide\\/index\"],\"origin\":[\"http:\\/\\/local.cms.com\"],\"content-type\":[\"application\\/x-www-form-urlencoded; charset=UTF-8\"],\"user-agent\":[\"Mozilla\\/5.0 (Macintosh; Intel Mac OS X 10_15_7) AppleWebKit\\/537.36 (KHTML, like Gecko) Chrome\\/86.0.4240.111 Safari\\/537.36\"],\"x-requested-with\":[\"XMLHttpRequest\"],\"x-csrf-token\":[\"IMSAupb1gYXx9OCsivyVujQ4AXwd8jMYUJYfEfkJ\"],\"accept\":[\"application\\/json, text\\/javascript, *\\/*; q=0.01\"],\"content-length\":[\"208\"],\"connection\":[\"keep-alive\"],\"host\":[\"local.cms.com\"]},\"input\":{\"title\":\"\\u4e00\\u4e2a\\u730e\\u4eba\",\"url\":\"http:\\/\\/qxapi.finunion.com.cn\\/wechat\\/wxapp\\/get-services\",\"sort\":\"999\",\"status\":\"1\",\"img\":\"\\/storage\\/20201024\\/image\\/043ea311368f6a9bce6c9091fd73288f8266.jpg\"}}', '2020-10-24 01:32:41', NULL);
INSERT INTO `admin_operate_log` VALUES (45, 1, 'admin', '删除轮播图', 'content/slide/delete', '', '操作成功', '{\"ip\":\"127.0.0.1\",\"headers\":{\"cookie\":[\"XSRF-TOKEN=eyJpdiI6IlJud2llMHU4OS9NN3NrbjdBamJINWc9PSIsInZhbHVlIjoiQ1VYbUNVVXEyVDBXMVVDaWZ2TkpyMW1kcU9SYzA0YkE2ei9aVk5oakJsbFNpMmZ5Sk5KbW1tTmJVaGRyYktCb04ySTAvbW1PaWZZZmNUVStHVVRJcXZpT01mNmpPdGZYcS90OHg5SXFUVmUxeUVJa2dlajlhS09mazZJZW1zM2oiLCJtYWMiOiJiM2EwNjI5OTA5Nzk0YmUwOTllMjk1MGNiZDlhOWUzNTkxM2JjNzY1YzgzNzY1ZTE5M2VlYTE2MzQ2ZjU3OTNkIn0%3D; hoteloms_session=eyJpdiI6IndnQnhHc0U2TjdoNnYvd3gvSml3Z1E9PSIsInZhbHVlIjoiWldLcW54ODFnOHd5bWhhYWFLbVFGQThCYzhMZTArMnhacVRSZEhKenMwWldBSjEwWW5iY0RwYTNSYTN3K3RqeEg0R0dvS1BiQnh3V0dzNWxtM1dPVnpUY1RXVVpUM2ZwclVmeGRvYzFtamp2Y2Joci9oRUQydFlJQkdkdys1cG0iLCJtYWMiOiIzZDhmYjM4NjlmMWExZmQ4Y2ZkNTUwMTg2ZTI1MGE1YTZjNmZiNjM0NWYwNjVhYTQwZjNlOTdiNjA4MmRjODE5In0%3D\"],\"accept-language\":[\"zh-CN,zh;q=0.9,en;q=0.8\"],\"accept-encoding\":[\"gzip, deflate\"],\"referer\":[\"http:\\/\\/local.cms.com\\/content\\/slide\\/index\"],\"origin\":[\"http:\\/\\/local.cms.com\"],\"content-type\":[\"application\\/x-www-form-urlencoded; charset=UTF-8\"],\"user-agent\":[\"Mozilla\\/5.0 (Macintosh; Intel Mac OS X 10_15_7) AppleWebKit\\/537.36 (KHTML, like Gecko) Chrome\\/86.0.4240.111 Safari\\/537.36\"],\"x-requested-with\":[\"XMLHttpRequest\"],\"x-csrf-token\":[\"IMSAupb1gYXx9OCsivyVujQ4AXwd8jMYUJYfEfkJ\"],\"accept\":[\"*\\/*\"],\"content-length\":[\"4\"],\"connection\":[\"keep-alive\"],\"host\":[\"local.cms.com\"]},\"input\":{\"id\":\"2\"}}', '2020-10-24 01:40:37', NULL);
INSERT INTO `admin_operate_log` VALUES (46, 1, 'admin', '启用分类', 'content/category/operation', '2', '操作成功', '{\"ip\":\"127.0.0.1\",\"headers\":{\"cookie\":[\"XSRF-TOKEN=eyJpdiI6ImdYQWpjczJORFI2WGlpWWd3YnJUM3c9PSIsInZhbHVlIjoiN2xtdWhkUnhyTDFVcGQ1dTRJUVg4YndTQ2VwUXFPTm9ZRXZvdUh4SEdTWEM1WDJMbVY0NnlaUEhIcjFzZ2N3WXFGNGhudmVWR0pNWk9pSUJCZlRkMjRGdEVpVXk2TXM2OUZ2Zyt4ZlJIc3l3WDB5VlBnRGhqQ3lzQUZGYXhaWi8iLCJtYWMiOiI0NTkyMzQ0OGZjMDQwMDI1ZWZkNzE3NDMwN2Y5YTkwZTRiYTg4ZjVlOWY4ODJlMmQzNjE0NTYyODlhNWVhZjY3In0%3D; hoteloms_session=eyJpdiI6Ijc2YWlpakJoV2VVZEFSWFdZZU5BR0E9PSIsInZhbHVlIjoiTThsMGFzUTRqYkpVQ1VFVEttRXZDdXFKNFVYa0Q5emhtZmxtRmZFZkhwWmd3SnBQYjNkdDB2K3N1d3grVjA4eXJsTDlZQmlOVFZWeXVRRzdHWUp1b2VUNGxSbWFPUno2N3FEQkNxaEJHUWlHVzZ2T0o0dVRjKzY0aWxpRHRXVnIiLCJtYWMiOiJkMzQwZGQ1ODNiZGQ2NzY3NGFmMmIxOGM5ODE0MzQ3MmZlMTU4ZWM3ZjY1ODg4MmM5MjNkMmRmZTQ1MWIzYmIwIn0%3D\"],\"accept-language\":[\"zh-CN,zh;q=0.9,en;q=0.8\"],\"accept-encoding\":[\"gzip, deflate\"],\"referer\":[\"http:\\/\\/local.cms.com\\/content\\/category\\/index\"],\"origin\":[\"http:\\/\\/local.cms.com\"],\"content-type\":[\"application\\/x-www-form-urlencoded; charset=UTF-8\"],\"user-agent\":[\"Mozilla\\/5.0 (Macintosh; Intel Mac OS X 10_15_7) AppleWebKit\\/537.36 (KHTML, like Gecko) Chrome\\/86.0.4240.111 Safari\\/537.36\"],\"x-requested-with\":[\"XMLHttpRequest\"],\"x-csrf-token\":[\"IMSAupb1gYXx9OCsivyVujQ4AXwd8jMYUJYfEfkJ\"],\"accept\":[\"*\\/*\"],\"content-length\":[\"4\"],\"connection\":[\"keep-alive\"],\"host\":[\"local.cms.com\"]},\"input\":{\"id\":\"2\"}}', '2020-10-24 01:46:45', NULL);
INSERT INTO `admin_operate_log` VALUES (47, 1, 'admin', '删除文章', 'content/article/delete', '', '操作成功', '{\"ip\":\"127.0.0.1\",\"headers\":{\"cookie\":[\"XSRF-TOKEN=eyJpdiI6IitoQ3JtRnh1Q0o3RkJFNk5SNzJVRGc9PSIsInZhbHVlIjoiL0NHZmdpQ2VVZFNLS2dKV21ZTHp2Z0NhVjVjbnVBWEpqUk5TWk9zVE16ODNxTTBvRjdKbXVyQ3pKRmNYME0zYURvMjNxWjNwbUF4VCsrYmZRT1BQNE1XMDQxVnFTbkllaGFqSjc1b2pWWk9hRDhRVy9jL2JPWFRaOUc3d1h3NUoiLCJtYWMiOiJiYjE5NGRhMzFkOTAzZmQ5N2E2MmRlMGNlZjhjMDE3NTUwOTFmZmQ0MjI5YzA0MDI3YzRhMTM5NzIwNTNhOWIxIn0%3D; hoteloms_session=eyJpdiI6InBDMGhFR211UTFIb1NlMCtRSDIyOWc9PSIsInZhbHVlIjoiemJhNlQ1ZHh0L1hkK0cwNEdXYVBMUnFuUG1WanpMdDhMcEIyeE5pSGRMU2JqZ2ttR21GMFVvSUdGVTRPR3lPd2JBZ3Jsb3kzYmZRSzNDYkZuSWh4MVpSZlNVQnhhZXNTYThOc3ZwWHhkSzlhRFFLK0tNU2dIQ256Nyt3TDA2b1AiLCJtYWMiOiI4YTlmNGU0MDA5MDkwN2Y2NGI3NmFjOWY3NWU0NmI2ODgyMTViNGMwOTUxMDA5ODU4NDU5NDFkYTZkZWMyN2RiIn0%3D\"],\"accept-language\":[\"zh-CN,zh;q=0.9,en;q=0.8\"],\"accept-encoding\":[\"gzip, deflate\"],\"referer\":[\"http:\\/\\/local.cms.com\\/content\\/article\\/index\"],\"origin\":[\"http:\\/\\/local.cms.com\"],\"content-type\":[\"application\\/x-www-form-urlencoded; charset=UTF-8\"],\"user-agent\":[\"Mozilla\\/5.0 (Macintosh; Intel Mac OS X 10_15_7) AppleWebKit\\/537.36 (KHTML, like Gecko) Chrome\\/86.0.4240.111 Safari\\/537.36\"],\"x-requested-with\":[\"XMLHttpRequest\"],\"x-csrf-token\":[\"IMSAupb1gYXx9OCsivyVujQ4AXwd8jMYUJYfEfkJ\"],\"accept\":[\"*\\/*\"],\"content-length\":[\"4\"],\"connection\":[\"keep-alive\"],\"host\":[\"local.cms.com\"]},\"input\":{\"id\":\"1\"}}', '2020-10-24 02:04:45', NULL);
INSERT INTO `admin_operate_log` VALUES (48, 1, 'admin', '删除权限', 'system/permission/delete', '30', '操作成功', '{\"ip\":\"127.0.0.1\",\"headers\":{\"cookie\":[\"XSRF-TOKEN=eyJpdiI6IjJINE9abXdybVNsTXJjY1NXQjVEN2c9PSIsInZhbHVlIjoiamFVS1BtME1lcXN2VG9Id2hBUjJkMVBCcjZ6RTExb0xqUklZVmh4NTVrOGFOKzJSd3BhdkRpY1RLcU1GOCt6UjJiQ1F1Nnpmak9nWlh4UWVtYnFZakYxbjJGcGdIeU8vSG1LZlpXeVVVOHBja3VpL0JEbjNIRmczTHFNMnJYVmsiLCJtYWMiOiJjMWU4NjdiNjE4MGQxYjQ1MTA2NGQ3YzVlYjgwYjAxNjZjYTAyNDM2ZmU5NTNiMWYxMDUwOTFlNTNjODhlNmZhIn0%3D; hoteloms_session=eyJpdiI6IjZtaXh2dzJIaHgxM01CY1JrdnVzcnc9PSIsInZhbHVlIjoielRVRDdKMU1GZVgwS3haaHRna2FyTDUvZmwyU2ErVDAwM0ZKSlN5WDRYY3FjUTd2Z01lbzIrS0dBelRYUHdUamNmMElhRXAweVR0WGx2QTdLWnBTQi9JWjZMalZpNUhMNWFuU3JOZURrZG5TS2lBYjF5MHBCSm01TlNvam5aTVYiLCJtYWMiOiJlYWQyMWFiOGIwZGJhMDUwMDdiZDczMDMwZjRjMjY1MGYwYWQ5ZDgyMzc5YWNkYzU3ZWUwMmY4Mjc3ZDRiNzllIn0%3D\"],\"accept-language\":[\"zh-CN,zh;q=0.9,en;q=0.8\"],\"accept-encoding\":[\"gzip, deflate\"],\"referer\":[\"http:\\/\\/local.cms.com\\/system\\/permission\\/index\"],\"origin\":[\"http:\\/\\/local.cms.com\"],\"content-type\":[\"application\\/x-www-form-urlencoded; charset=UTF-8\"],\"user-agent\":[\"Mozilla\\/5.0 (Macintosh; Intel Mac OS X 10_15_7) AppleWebKit\\/537.36 (KHTML, like Gecko) Chrome\\/86.0.4240.111 Safari\\/537.36\"],\"x-requested-with\":[\"XMLHttpRequest\"],\"x-csrf-token\":[\"IMSAupb1gYXx9OCsivyVujQ4AXwd8jMYUJYfEfkJ\"],\"accept\":[\"*\\/*\"],\"content-length\":[\"5\"],\"connection\":[\"keep-alive\"],\"host\":[\"local.cms.com\"]},\"input\":{\"id\":\"30\"}}', '2020-10-24 02:07:27', NULL);
INSERT INTO `admin_operate_log` VALUES (49, 1, 'admin', '添加权限', 'system/permission/create', '42', '操作成功', '{\"ip\":\"127.0.0.1\",\"headers\":{\"cookie\":[\"XSRF-TOKEN=eyJpdiI6IkorWmc3dTFnem93ZU5ZQ1NodHlwVkE9PSIsInZhbHVlIjoibzFrVkMxc1NoeEJYcm51TWtzZjJoR2x5aXptcWpUZC9WR2UxbG1UempjMGFCdGg3Uno4dS8zS01DblZQMEUyaHdpZm9hS3B0ZFpGQU5NK2VDNWRobjgwV0pxMzkrNEQrWDVOd1FZYW5VNEdIQ0JJcGw4MENHMitTM3EzYWZid1YiLCJtYWMiOiJmYWNmZWY4MGQ3ZGRlZDlhOGVkMDllYjhjYWE0ZTI0ODQ1MTY4MDhiMGE3NmUzZDk2ZWI0ZTZmMTE4ODcwM2QwIn0%3D; hoteloms_session=eyJpdiI6IkpCeG5UMVZKeUpGQ0wvcHcvT1lJMGc9PSIsInZhbHVlIjoiSjljUWxDMmhWQkFWck5XMmc0djVBNDNKSGF4bEdIRkh2UC96K0JLaDUyMTBQS3VUWTJNeUJNSnJ4dTVPdDRvaW1wYWFhaFRmVENiSFllbUVFZEY3M01zaTNIZUsvQkNDWW0rNUxjakNOSWNTTXU2TWFRSS9WbDdhZ1NkRzRZczQiLCJtYWMiOiJiYmE3MGQyNDA0OWVkMzZiMWRkYzY3ODRlM2Q1M2JkZWY2NzZkYmZiYmU5ZTJkNzFkYmVlNWRkZGE4NGNkYzkzIn0%3D\"],\"accept-language\":[\"zh-CN,zh;q=0.9,en;q=0.8\"],\"accept-encoding\":[\"gzip, deflate\"],\"referer\":[\"http:\\/\\/local.cms.com\\/system\\/permission\\/index\"],\"origin\":[\"http:\\/\\/local.cms.com\"],\"content-type\":[\"application\\/x-www-form-urlencoded; charset=UTF-8\"],\"user-agent\":[\"Mozilla\\/5.0 (Macintosh; Intel Mac OS X 10_15_7) AppleWebKit\\/537.36 (KHTML, like Gecko) Chrome\\/86.0.4240.111 Safari\\/537.36\"],\"x-requested-with\":[\"XMLHttpRequest\"],\"x-csrf-token\":[\"IMSAupb1gYXx9OCsivyVujQ4AXwd8jMYUJYfEfkJ\"],\"accept\":[\"application\\/json, text\\/javascript, *\\/*; q=0.01\"],\"content-length\":[\"161\"],\"connection\":[\"keep-alive\"],\"host\":[\"local.cms.com\"]},\"input\":{\"parent_id\":\"16\",\"type\":\"1\",\"slug\":\"content.manage\",\"name\":\"\\u66f4\\u65b0\\u72b6\\u6001\",\"wild_uri\":\"content\\/article\\/switch_status\",\"menu_uri\":\"\",\"menu_icon\":\"fa-bars\",\"status\":\"1\"}}', '2020-10-24 02:08:20', NULL);
INSERT INTO `admin_operate_log` VALUES (50, 1, 'admin', '修改权限', 'system/permission/edit', '42', '操作成功', '{\"ip\":\"127.0.0.1\",\"headers\":{\"cookie\":[\"XSRF-TOKEN=eyJpdiI6IllmQUQyUUpVWCtlQjkrODF6dE0wUUE9PSIsInZhbHVlIjoiQUphOTJjc2JGVHdreWwwTWlLOVZ4Q0tWZEZ2YzF5Q2tRUXhENElJUW5RcmViSTlxWjNVMWVwbHJ3SXBpUzYwNUVHK0owbEZvZXBoMk5uNWkvWGlkejdnWGdZUjdsZ2FNcHdRS0trLzFYTHhkamNFb0l2RUs0MEt5ajM5MDY1NEwiLCJtYWMiOiIyMTJhODY2M2EzYTk5ZjM5ZmZjMTdlNGUyY2Y5OTc0MGQxNWVhNGQxZGRhNDdmNzNiN2JlYWQyYjMzNGZhZmU5In0%3D; hoteloms_session=eyJpdiI6IlNNQk9XSWQzWHh1SmVnU0JXemhKN3c9PSIsInZhbHVlIjoiMVNrNnlveDJTUUR1MGJRcEMwZnFjK3prU2Zpd05oeXBTdHdXNHpDSU55TXNWc3NvL0ozdnRaN1lWMFZRZjl0cTJmSlpMZXVCdVQ3bGFsYnNBL3lTTTZGbFpMczBOanYyaHM4a1pPaE1FSUp3Y1REeTFPeEV2aXhXMG1wRG1BeXgiLCJtYWMiOiI1MGZhNWVkZjliMzJkOTJmYzhhZDhmMDM2N2ZiMTIwYzE2MTA5MDNmMTlmMmJlZjhiMjY0OTJhZjYyNjBhYzQ3In0%3D\"],\"accept-language\":[\"zh-CN,zh;q=0.9,en;q=0.8\"],\"accept-encoding\":[\"gzip, deflate\"],\"referer\":[\"http:\\/\\/local.cms.com\\/system\\/permission\\/index\"],\"origin\":[\"http:\\/\\/local.cms.com\"],\"content-type\":[\"application\\/x-www-form-urlencoded; charset=UTF-8\"],\"user-agent\":[\"Mozilla\\/5.0 (Macintosh; Intel Mac OS X 10_15_7) AppleWebKit\\/537.36 (KHTML, like Gecko) Chrome\\/86.0.4240.111 Safari\\/537.36\"],\"x-requested-with\":[\"XMLHttpRequest\"],\"x-csrf-token\":[\"IMSAupb1gYXx9OCsivyVujQ4AXwd8jMYUJYfEfkJ\"],\"accept\":[\"application\\/json, text\\/javascript, *\\/*; q=0.01\"],\"content-length\":[\"161\"],\"connection\":[\"keep-alive\"],\"host\":[\"local.cms.com\"]},\"input\":{\"parent_id\":\"16\",\"type\":\"1\",\"slug\":\"article.switch_status\",\"name\":\"\\u66f4\\u65b0\\u72b6\\u6001\",\"wild_uri\":\"content\\/article\\/switch_status\",\"menu_uri\":\"\",\"menu_icon\":\"\",\"status\":\"1\",\"id\":\"42\"}}', '2020-10-24 02:08:39', NULL);
INSERT INTO `admin_operate_log` VALUES (51, 1, 'admin', '禁用文章', 'content/article/switch_status', '1', '操作成功', '{\"ip\":\"127.0.0.1\",\"headers\":{\"cookie\":[\"XSRF-TOKEN=eyJpdiI6IjNXNDJ0a2dKT2hWTlVFb2trRlo0MkE9PSIsInZhbHVlIjoiVWN5dW9TRVJiR3QzOS9Rajg0STg2MUhwNSs3VENqZjlRZFc1Q2wrZ242VkttV2k5WHkvRXJKT3VLUS9VWDFxRmQ3TFYvWVl2UklLK2pTSEQ5SVFPcGp6YnlseE9xS3BtdkZQNnp0SVFNb09Tbjljb1l2bVVpVitHYUo4bDJ3ZnEiLCJtYWMiOiJiMTIwZDUyM2U5ODlmOGYzZGNlZjFjNDIxY2Y2Y2IzNTVhNTM5ZTQxZmVhYTg2ZmNhNWY0MjcxOGQ2MWFmODQyIn0%3D; hoteloms_session=eyJpdiI6ImxJRXVFWDZZTmZFalU4eGR2Y0JsTkE9PSIsInZhbHVlIjoiV3IxbHJINTc0UEgxbDNqYmtROFQzS2dhV1ZPbktBbTRJRmR1NlNNSjdLVjFVNDFJSzRHQ0FZYmw4MlJseEhyVU5HQ0p6VlhRc0kwSVRIZXdpVjRxbGZUT01hbkYyUTNuWU5ucFg0elRYckxNQlVmNzduTzhHZit2SUVXd3BTK2IiLCJtYWMiOiJmY2MxY2RhYmFlZmM0ZTdmYWRmNmEwY2NhZDA1YzI1OWUwMGJlZjJiZTY2YmYyZTEwNTU2ZmI1ZGFmYmJlNjk4In0%3D\"],\"accept-language\":[\"zh-CN,zh;q=0.9,en;q=0.8\"],\"accept-encoding\":[\"gzip, deflate\"],\"referer\":[\"http:\\/\\/local.cms.com\\/content\\/article\\/index\"],\"origin\":[\"http:\\/\\/local.cms.com\"],\"content-type\":[\"application\\/x-www-form-urlencoded; charset=UTF-8\"],\"user-agent\":[\"Mozilla\\/5.0 (Macintosh; Intel Mac OS X 10_15_7) AppleWebKit\\/537.36 (KHTML, like Gecko) Chrome\\/86.0.4240.111 Safari\\/537.36\"],\"x-requested-with\":[\"XMLHttpRequest\"],\"x-csrf-token\":[\"IMSAupb1gYXx9OCsivyVujQ4AXwd8jMYUJYfEfkJ\"],\"accept\":[\"application\\/json, text\\/javascript, *\\/*; q=0.01\"],\"content-length\":[\"4\"],\"connection\":[\"keep-alive\"],\"host\":[\"local.cms.com\"]},\"input\":{\"id\":\"1\"}}', '2020-10-24 02:13:43', NULL);
INSERT INTO `admin_operate_log` VALUES (52, 1, 'admin', '启用文章', 'content/article/switch_status', '1', '操作成功', '{\"ip\":\"127.0.0.1\",\"headers\":{\"cookie\":[\"XSRF-TOKEN=eyJpdiI6InJScnhLeWZrYnVLN2taVnM3MGhCM1E9PSIsInZhbHVlIjoiSU14SllVUjQ4M0Y5UDgxUzZiU0FXbGZkMzg4Y2Joa2ptYjUxSW5xWU10TTVoQ2pudGdvcWpEdWw2WVFHQ3JjTzFtZE4wWjRheVB3Wlg2OG9JRjVsb05CeFBZakZlV0haSTJqdGlGMFozbjRWNFVabmh0RGs5eUN6R0lybmtrNlciLCJtYWMiOiJiNmQ5YTkzOGJhZDE0YTM5MTNiZWI0Yjk5NWQwZTA4ZTZiZWQ0YjM0ZTYwYThkMGIyNDE3OTRmZGIyZDQwOGM4In0%3D; hoteloms_session=eyJpdiI6Inc3cVlOY2FxQ0hyczBOWXFwM0FQTWc9PSIsInZhbHVlIjoidXJJZUVHLzVZUjB4Q2xxN0xiRGs2b05yYTZXTVJaa0VsQVF5bVNqMVFIYU80a0Q1L0FJZFp4bDlTWmdBT1dqR0JtdllMM0ZtM29PVUhKZzJnZ1g3a3JUZ2VWdkllaDdHdTMvQmpzN0N1R2JuNC9xSFlHYlJkbVhGY2ROQVRNcHQiLCJtYWMiOiIwZWRlNTAzMDMxMjUwMGJjMGFmNTI0MzkxZDVmOTJhY2NiYWFkNzRiMGYxMDcwNGQxYTA3MzViZGM4YjM2YmM2In0%3D\"],\"accept-language\":[\"zh-CN,zh;q=0.9,en;q=0.8\"],\"accept-encoding\":[\"gzip, deflate\"],\"referer\":[\"http:\\/\\/local.cms.com\\/content\\/article\\/index\"],\"origin\":[\"http:\\/\\/local.cms.com\"],\"content-type\":[\"application\\/x-www-form-urlencoded; charset=UTF-8\"],\"user-agent\":[\"Mozilla\\/5.0 (Macintosh; Intel Mac OS X 10_15_7) AppleWebKit\\/537.36 (KHTML, like Gecko) Chrome\\/86.0.4240.111 Safari\\/537.36\"],\"x-requested-with\":[\"XMLHttpRequest\"],\"x-csrf-token\":[\"IMSAupb1gYXx9OCsivyVujQ4AXwd8jMYUJYfEfkJ\"],\"accept\":[\"application\\/json, text\\/javascript, *\\/*; q=0.01\"],\"content-length\":[\"4\"],\"connection\":[\"keep-alive\"],\"host\":[\"local.cms.com\"]},\"input\":{\"id\":\"1\"}}', '2020-10-24 02:14:51', NULL);
INSERT INTO `admin_operate_log` VALUES (53, 1, 'admin', '禁用文章', 'content/article/switch_status', '1', '操作成功', '{\"ip\":\"127.0.0.1\",\"headers\":{\"cookie\":[\"XSRF-TOKEN=eyJpdiI6IjBVMlVobnRoOVhiZjZZVXN4MnFoZ2c9PSIsInZhbHVlIjoicTBGeFdOY05EaG5yMFBUTEZpM09SZTFVc25HWkhnMU5aTWtHdEJ5SnJ6VFI3bE9TRzZCQWlodGZUY3FrUnNiTGdaWDYwVWR4UEZFUk55VGxvaHZmZ25SRk82SW5EQWJGZlRucVdjajc2eXVaUmJMTE1ESk5YZTRuQThuc1VnR0IiLCJtYWMiOiI2ZTAzNjE0ZTU0ODEzNDE4MjVlMGZhNmYxM2EwZDcxMDdmZDg0ZmRiZTgzODQxM2Y1M2FlNzUwYTc2MmM1MzE0In0%3D; hoteloms_session=eyJpdiI6InJvWVh3SFJDUG5Jb2c5b3NwcFd3UUE9PSIsInZhbHVlIjoiUFhndmxhdU5EaHc5dnBPemFOY1ozNy82K1Q1dEduN2t0SS9od1FDWm53ay9XVCt0bFBNNjNVWERJemtZVWpXRUV1NWQ1TlUxWjJ2d2ttUmxvOHgwZXJndnZFZWxJeDhnVzJiQVNxaFp6NmpZQ2NZL3pMdWRnODVIVHVpYUJ4WXMiLCJtYWMiOiI4ZjNhNzk5MjgzYTUxNjdhYmMxNTUxMTI1N2NkOTk2OGZiZDM3MmMxMGJlM2IzY2ExYzA0OWY3ZGFjZmQ1NjQyIn0%3D\"],\"accept-language\":[\"zh-CN,zh;q=0.9,en;q=0.8\"],\"accept-encoding\":[\"gzip, deflate\"],\"referer\":[\"http:\\/\\/local.cms.com\\/content\\/article\\/index\"],\"origin\":[\"http:\\/\\/local.cms.com\"],\"content-type\":[\"application\\/x-www-form-urlencoded; charset=UTF-8\"],\"user-agent\":[\"Mozilla\\/5.0 (Macintosh; Intel Mac OS X 10_15_7) AppleWebKit\\/537.36 (KHTML, like Gecko) Chrome\\/86.0.4240.111 Safari\\/537.36\"],\"x-requested-with\":[\"XMLHttpRequest\"],\"x-csrf-token\":[\"IMSAupb1gYXx9OCsivyVujQ4AXwd8jMYUJYfEfkJ\"],\"accept\":[\"application\\/json, text\\/javascript, *\\/*; q=0.01\"],\"content-length\":[\"4\"],\"connection\":[\"keep-alive\"],\"host\":[\"local.cms.com\"]},\"input\":{\"id\":\"1\"}}', '2020-10-24 02:15:03', NULL);
INSERT INTO `admin_operate_log` VALUES (54, 1, 'admin', '启用文章', 'content/article/switch_status', '1', '操作成功', '{\"ip\":\"127.0.0.1\",\"headers\":{\"cookie\":[\"XSRF-TOKEN=eyJpdiI6ImJpb0hQSmpKS2FqOUN6bGhWaXhFWHc9PSIsInZhbHVlIjoiRENzYlh5elVkc2JTVnJPalFzRVpqejJiN3c5Tzh6VlpUMnc0dU5EUGNmRkJKUzVsMFVZaUg2aFRUUVM0U3dxN1htd3d1cG1NMkVTR0pLdWdsSGg2T1czVG5tV2c5ODVpaGtQU1RkQlFhZEJ1ekY3dWtjWUlId3Jhdy8xazNubmQiLCJtYWMiOiI2NzY3M2UxM2QyNDJjZDkyMDNiMmI0ZjA0YjdhNWU2OTUwMjAzODIzNmE0NDA0Njc1ZThjZWY0MTcyOGZjN2ZlIn0%3D; hoteloms_session=eyJpdiI6IlhFYlV2bGI5Zjc0ZHpkcGlLTDEyOFE9PSIsInZhbHVlIjoiL21xRnQwdEFObHEwbW9pRTAxNXVsTmozdmJCU0xPK0RzL29YK3F1SDFMdngyVEZoUjJZRlhyZThGUkRnQU1HQmZIR09DZFdXbmgwWk1GVWdNV0xLejdCcjlrck1PbFJGOTV1VmMwVWMzSG5LOXh4K2pSU0hURFcyVmZxV2pKbEoiLCJtYWMiOiI3YTI4NmUzMDA1MTY1OTBiOGY0YTljYTE1YmVmOTViMDJhMGI3NjViZmFhNmQ5MDM5ZmFmZWRjMTZmYzBlMmFkIn0%3D\"],\"accept-language\":[\"zh-CN,zh;q=0.9,en;q=0.8\"],\"accept-encoding\":[\"gzip, deflate\"],\"referer\":[\"http:\\/\\/local.cms.com\\/content\\/article\\/index\"],\"origin\":[\"http:\\/\\/local.cms.com\"],\"content-type\":[\"application\\/x-www-form-urlencoded; charset=UTF-8\"],\"user-agent\":[\"Mozilla\\/5.0 (Macintosh; Intel Mac OS X 10_15_7) AppleWebKit\\/537.36 (KHTML, like Gecko) Chrome\\/86.0.4240.111 Safari\\/537.36\"],\"x-requested-with\":[\"XMLHttpRequest\"],\"x-csrf-token\":[\"IMSAupb1gYXx9OCsivyVujQ4AXwd8jMYUJYfEfkJ\"],\"accept\":[\"application\\/json, text\\/javascript, *\\/*; q=0.01\"],\"content-length\":[\"4\"],\"connection\":[\"keep-alive\"],\"host\":[\"local.cms.com\"]},\"input\":{\"id\":\"1\"}}', '2020-10-24 02:15:07', NULL);
INSERT INTO `admin_operate_log` VALUES (55, 1, 'admin', '删除文章', 'content/article/delete', '', '操作成功', '{\"ip\":\"127.0.0.1\",\"headers\":{\"cookie\":[\"XSRF-TOKEN=eyJpdiI6Ilo5dVR1NVdlQzE4OUZDLzJYOGlxVHc9PSIsInZhbHVlIjoiQjhNTENwMEt3M2FmRi9NYkhkTjNWMlFLai9keUEvMlluN21iVjhVbWU1WEtLeTVCMS9MVURQT2N6YldmZlNxNnFwdDRtUUttNjRFOVVaRU80NzBCWWVsR3o1Z2RCbUlFTFM2a0FUTmM1RWRyN2Q2eW81d0ZhbVYrM0JVN0RSanUiLCJtYWMiOiIzMDViNjFhYWNiMmViMDVhYzJhMDYzMmM5ZDNiZDIxYzA0ODI5NzBhYzU3NzMyNzQ0N2I5MTMwYTZiOTlhOGUyIn0%3D; hoteloms_session=eyJpdiI6IlB3OS83ZS8wcWhBcFhCcmJDcm9nbmc9PSIsInZhbHVlIjoiZlJyU3ZBMnZBM3h4NWxhckVnOGx2OHhXait0cXZqK0Jvck1XWm1McTMxMk85eEJmNUpLek9hQUxPS1puWC8zcWsrYnV6OVNtTjJmUmVxWjJFRGx1dWYwa1RodUJRUGpiS3huOFVzWVdld1JobzliZUd5RE8yaDhRcVdrdzBYb1giLCJtYWMiOiIxMDM2MzU0Njg0Yjg2ZmUxMGRmZmUzZDA2ZTJkYWU1MTk4OTI1M2U5YzdiNzk4MjEyMjIwMDM5MmVjMmEzMjcwIn0%3D\"],\"accept-language\":[\"zh-CN,zh;q=0.9,en;q=0.8\"],\"accept-encoding\":[\"gzip, deflate\"],\"referer\":[\"http:\\/\\/local.cms.com\\/content\\/article\\/index\"],\"origin\":[\"http:\\/\\/local.cms.com\"],\"content-type\":[\"application\\/x-www-form-urlencoded; charset=UTF-8\"],\"user-agent\":[\"Mozilla\\/5.0 (Macintosh; Intel Mac OS X 10_15_7) AppleWebKit\\/537.36 (KHTML, like Gecko) Chrome\\/86.0.4240.111 Safari\\/537.36\"],\"x-requested-with\":[\"XMLHttpRequest\"],\"x-csrf-token\":[\"IMSAupb1gYXx9OCsivyVujQ4AXwd8jMYUJYfEfkJ\"],\"accept\":[\"*\\/*\"],\"content-length\":[\"4\"],\"connection\":[\"keep-alive\"],\"host\":[\"local.cms.com\"]},\"input\":{\"id\":\"1\"}}', '2020-10-24 02:16:29', NULL);
COMMIT;

-- ----------------------------
-- Table structure for admin_permission
-- ----------------------------
DROP TABLE IF EXISTS `admin_permission`;
CREATE TABLE `admin_permission` (
  `id` int(10) unsigned NOT NULL AUTO_INCREMENT,
  `parent_id` int(10) unsigned NOT NULL DEFAULT '0' COMMENT '上级id',
  `slug` varchar(100) NOT NULL DEFAULT '' COMMENT '权限标识',
  `name` varchar(45) NOT NULL DEFAULT '' COMMENT '权限名称',
  `wild_uri` varchar(100) NOT NULL DEFAULT '' COMMENT '权限uri如：/user/add，支持正则表达式',
  `type` tinyint(3) unsigned NOT NULL DEFAULT '1' COMMENT '针对菜单的类型： 1 - 页面 2 - 菜单',
  `menu_uri` varchar(100) NOT NULL DEFAULT '' COMMENT '菜单链接',
  `menu_icon` varchar(100) NOT NULL DEFAULT '' COMMENT '菜单图标',
  `status` tinyint(3) unsigned NOT NULL DEFAULT '1' COMMENT '状态： 1 - 正常 2 - 停用 3 - 删除',
  `is_delete` tinyint(1) unsigned NOT NULL DEFAULT '1' COMMENT '1:正常2：删除',
  `sort` smallint(10) unsigned NOT NULL DEFAULT '999' COMMENT '排序',
  `created_at` datetime NOT NULL COMMENT '创建时间',
  `updated_at` timestamp NOT NULL DEFAULT CURRENT_TIMESTAMP ON UPDATE CURRENT_TIMESTAMP COMMENT '更新时间',
  PRIMARY KEY (`id`) USING BTREE
) ENGINE=InnoDB AUTO_INCREMENT=43 DEFAULT CHARSET=utf8 ROW_FORMAT=COMPACT;

-- ----------------------------
-- Records of admin_permission
-- ----------------------------
BEGIN;
INSERT INTO `admin_permission` VALUES (1, 4, 'user.manage', '权限列表', 'system/permission/index', 2, 'system/permission/index', 'fa-ban', 1, 1, 8, '2018-05-10 18:07:18', '2019-05-29 20:52:50');
INSERT INTO `admin_permission` VALUES (2, 4, 'user.manage', '用户列表', 'system/user/index', 2, 'system/user/index', 'fa-users', 1, 1, 1, '2018-05-10 18:37:35', '2019-05-29 20:52:51');
INSERT INTO `admin_permission` VALUES (3, 4, 'role.manage', '角色列表', 'system/role/index', 2, 'system/role/index', 'fa-user', 1, 1, 4, '2018-05-10 18:38:31', '2019-05-29 20:52:53');
INSERT INTO `admin_permission` VALUES (4, 0, 'system.manage', '系统管理', '#', 2, '#', 'fa-tasks', 1, 1, 0, '2018-05-12 17:46:55', '2018-05-19 20:27:39');
INSERT INTO `admin_permission` VALUES (5, 4, 'operatelog.index', '日志列表', 'system/operatelog/index', 2, 'system/operatelog/index', 'fa-history', 1, 1, 12, '2018-05-17 11:22:45', '2019-05-29 20:52:56');
INSERT INTO `admin_permission` VALUES (6, 4, 'account.profile.edit', '个人信息修改', 'account/profile', 1, '', '', 1, 1, 13, '2018-05-22 15:10:29', '2019-05-29 20:48:58');
INSERT INTO `admin_permission` VALUES (7, 1, 'user.manage', '创建权限', 'system/permission/create', 1, 'system/permission/create', '', 1, 1, 9, '2018-05-10 18:07:18', '2019-05-29 20:53:16');
INSERT INTO `admin_permission` VALUES (8, 1, 'user.manage', '编辑权限', 'system/permission/edit', 1, 'system/permission/edit', '', 1, 1, 10, '2018-05-10 18:07:18', '2019-05-29 20:53:17');
INSERT INTO `admin_permission` VALUES (9, 1, 'user.manage', '排序', 'system/permission/sort', 1, 'system/permission/sort', '', 1, 1, 11, '2018-05-10 18:07:18', '2019-05-29 20:53:18');
INSERT INTO `admin_permission` VALUES (10, 2, 'user.manage', '创建用户', 'system/user/create', 1, 'system/user/create', '', 1, 1, 2, '2018-05-10 18:37:35', '2019-05-29 20:53:20');
INSERT INTO `admin_permission` VALUES (11, 2, 'user.manage', '编辑用户', 'system/user/edit', 1, 'system/user/edit', '', 1, 1, 3, '2018-05-10 18:37:35', '2019-05-29 20:53:21');
INSERT INTO `admin_permission` VALUES (12, 3, 'role.manage', '创建角色', 'system/role/create', 1, 'system/role/create', '', 1, 1, 5, '2018-05-10 18:38:31', '2019-05-29 20:53:22');
INSERT INTO `admin_permission` VALUES (13, 3, 'role.manage', '编辑角色', 'system/role/edit', 1, 'system/role/edit', '', 1, 1, 6, '2018-05-10 18:38:31', '2019-05-29 20:53:24');
INSERT INTO `admin_permission` VALUES (14, 3, 'role.manage', '角色授权', 'system/role/permissions', 1, 'system/role/permissions', '', 1, 1, 7, '2018-05-10 18:38:31', '2019-05-29 20:53:26');
INSERT INTO `admin_permission` VALUES (15, 0, 'content.common', '内容管理', '#', 2, '#', 'fa-book', 1, 1, 14, '2020-05-27 06:55:22', '2020-05-27 07:16:55');
INSERT INTO `admin_permission` VALUES (16, 15, 'article.index', '文章管理', 'content/article/index', 2, 'content/article/index', 'fa-book', 1, 1, 19, '2020-05-27 06:56:17', '2020-05-27 07:18:59');
INSERT INTO `admin_permission` VALUES (17, 16, 'article.create', '创建文章', 'content/article/create', 1, '', '', 1, 1, 20, '2020-05-27 06:57:08', '2020-05-27 07:19:17');
INSERT INTO `admin_permission` VALUES (18, 16, 'article.edit', '编辑文章', 'content/article/edit', 1, '', '', 1, 1, 21, '2020-05-27 06:57:42', '2020-05-27 07:19:25');
INSERT INTO `admin_permission` VALUES (19, 16, 'article.check', '审核文章', 'content/article/check', 1, '', '', 1, 1, 22, '2020-05-27 06:58:29', '2020-05-27 07:19:32');
INSERT INTO `admin_permission` VALUES (20, 16, 'article.delete', '删除文章', 'content/article/delete', 1, '', '', 1, 1, 23, '2020-05-27 06:59:35', '2020-05-27 07:19:40');
INSERT INTO `admin_permission` VALUES (21, 15, 'category.index', '分类管理', 'content/category/index', 2, 'content/category/index', 'fa-bars', 1, 1, 15, '2020-05-27 07:06:36', '2020-05-27 07:17:35');
INSERT INTO `admin_permission` VALUES (22, 21, 'category.create', '创建分类', 'content/category/create', 1, '', '', 1, 1, 16, '2020-05-27 07:08:22', '2020-05-27 07:17:50');
INSERT INTO `admin_permission` VALUES (23, 21, 'category.edit', '编辑分类', 'content/category/edit', 1, '', '', 1, 1, 17, '2020-05-27 07:08:46', '2020-05-27 07:17:57');
INSERT INTO `admin_permission` VALUES (24, 21, 'category.operation', '删除分类', 'content/category/operation', 1, '', '', 1, 1, 18, '2020-05-27 07:09:15', '2020-05-27 07:18:09');
INSERT INTO `admin_permission` VALUES (25, 16, 'article.recommend', '推荐操作', 'content/article/recommend', 1, '', '', 1, 1, 999, '2020-06-01 10:10:53', '2020-06-01 10:11:39');
INSERT INTO `admin_permission` VALUES (26, 16, 'article.top', '置顶操作', 'content/article/top', 1, '', '', 1, 1, 999, '2020-06-01 10:11:19', '2020-06-01 10:11:51');
INSERT INTO `admin_permission` VALUES (27, 15, 'slide.index', '轮播图管理', 'content/slide/index', 2, 'content/slide/index', 'fa-bars', 1, 1, 999, '2020-06-02 07:49:00', '2020-06-02 07:52:53');
INSERT INTO `admin_permission` VALUES (28, 27, 'slide.create', '创建轮播图', 'content/slide/create', 1, '', '', 1, 1, 999, '2020-06-02 07:49:55', '2020-06-02 07:50:36');
INSERT INTO `admin_permission` VALUES (29, 27, 'slide.edit', '编辑轮播图', 'content/slide/edit', 1, '', '', 1, 1, 999, '2020-06-02 07:50:25', '2020-06-02 07:50:43');
INSERT INTO `admin_permission` VALUES (30, 27, 'slide.delete', '删除轮播图', 'content/slide/delete', 1, '', '', 1, 2, 999, '2020-06-02 07:51:17', '2020-10-24 02:07:27');
INSERT INTO `admin_permission` VALUES (31, 27, 'slide.sort', '排序', 'content/slide/sort', 1, '', '', 1, 1, 999, '2020-06-02 07:51:39', '2020-06-02 07:51:39');
INSERT INTO `admin_permission` VALUES (32, 27, 'slide.operation', '操作轮播图', 'content/slide/operation', 1, '', '', 1, 1, 999, '2020-06-02 07:52:29', '2020-06-02 07:52:29');
INSERT INTO `admin_permission` VALUES (33, 0, 'user.common', '会员管理', '#', 2, '#', 'fa-user', 1, 1, 999, '2020-06-02 09:44:02', '2020-06-02 09:44:02');
INSERT INTO `admin_permission` VALUES (34, 33, 'user.index', '会员管理', 'user/index', 2, 'user/index', 'fa-user-md', 1, 1, 999, '2020-06-02 09:44:38', '2020-06-02 09:46:24');
INSERT INTO `admin_permission` VALUES (35, 34, 'user.operation', '操作会员', 'user/index/operation', 1, '', '', 1, 1, 999, '2020-06-02 09:46:57', '2020-06-02 09:46:57');
INSERT INTO `admin_permission` VALUES (36, 2, 'user.switch_status', '更改状态', 'system/user/switch_status', 1, '', '', 1, 1, 999, '2020-10-23 22:50:14', '2020-10-23 22:50:14');
INSERT INTO `admin_permission` VALUES (37, 2, 'user.delete', '删除用户', 'system/user/delete', 1, '', '', 1, 1, 999, '2020-10-23 22:53:10', '2020-10-23 22:53:10');
INSERT INTO `admin_permission` VALUES (38, 3, 'role.manage', '更改状态', 'system/role/switch_status', 1, '', '', 1, 1, 999, '2020-10-23 22:53:55', '2020-10-23 22:53:55');
INSERT INTO `admin_permission` VALUES (39, 3, 'role.manage', '删除角色', 'system/user/delete', 1, '', '', 1, 1, 999, '2020-10-23 22:54:26', '2020-10-23 22:54:26');
INSERT INTO `admin_permission` VALUES (40, 1, 'permission.manage', '更新状态', 'system/permission/switch_status', 1, '', '', 1, 2, 999, '2020-10-23 22:55:29', '2020-10-24 01:05:34');
INSERT INTO `admin_permission` VALUES (41, 1, 'permission.manage', '删除权限', 'system/permission/delete', 1, '', '', 1, 1, 999, '2020-10-23 22:57:07', '2020-10-23 22:57:07');
INSERT INTO `admin_permission` VALUES (42, 16, 'article.switch_status', '更新状态', 'content/article/switch_status', 1, '', '', 1, 1, 999, '2020-10-24 02:08:20', '2020-10-24 02:08:39');
COMMIT;

-- ----------------------------
-- Table structure for admin_role
-- ----------------------------
DROP TABLE IF EXISTS `admin_role`;
CREATE TABLE `admin_role` (
  `id` int(10) unsigned NOT NULL AUTO_INCREMENT,
  `name` varchar(45) NOT NULL DEFAULT '' COMMENT '组名',
  `description` varchar(255) NOT NULL DEFAULT '' COMMENT '简介',
  `is_delete` tinyint(1) unsigned NOT NULL DEFAULT '1' COMMENT '1正常2：删除',
  `status` tinyint(3) unsigned NOT NULL DEFAULT '1' COMMENT '状态： 1 - 正常 2 - 停用 3 - 删除',
  `created_at` datetime DEFAULT NULL COMMENT '创建时间',
  `updated_at` datetime DEFAULT NULL ON UPDATE CURRENT_TIMESTAMP COMMENT '更新时间',
  PRIMARY KEY (`id`),
  KEY `index2` (`status`) USING BTREE
) ENGINE=InnoDB AUTO_INCREMENT=3 DEFAULT CHARSET=utf8 ROW_FORMAT=DYNAMIC;

-- ----------------------------
-- Records of admin_role
-- ----------------------------
BEGIN;
INSERT INTO `admin_role` VALUES (1, '111', '11111', 1, 1, '2020-04-03 00:54:00', '2020-10-24 01:20:58');
INSERT INTO `admin_role` VALUES (2, 'test', '', 2, 1, '2020-10-24 00:12:35', '2020-10-24 00:43:41');
COMMIT;

-- ----------------------------
-- Table structure for admin_role_permission
-- ----------------------------
DROP TABLE IF EXISTS `admin_role_permission`;
CREATE TABLE `admin_role_permission` (
  `id` int(10) unsigned NOT NULL AUTO_INCREMENT,
  `role_id` int(10) unsigned NOT NULL,
  `permission_id` int(10) unsigned NOT NULL,
  PRIMARY KEY (`id`),
  UNIQUE KEY `role_permission_idx` (`role_id`,`permission_id`) USING BTREE
) ENGINE=InnoDB AUTO_INCREMENT=22 DEFAULT CHARSET=utf8 ROW_FORMAT=DYNAMIC;

-- ----------------------------
-- Records of admin_role_permission
-- ----------------------------
BEGIN;
INSERT INTO `admin_role_permission` VALUES (9, 1, 1);
INSERT INTO `admin_role_permission` VALUES (2, 1, 2);
INSERT INTO `admin_role_permission` VALUES (5, 1, 3);
INSERT INTO `admin_role_permission` VALUES (1, 1, 4);
INSERT INTO `admin_role_permission` VALUES (10, 1, 5);
INSERT INTO `admin_role_permission` VALUES (11, 1, 6);
INSERT INTO `admin_role_permission` VALUES (17, 1, 7);
INSERT INTO `admin_role_permission` VALUES (18, 1, 8);
INSERT INTO `admin_role_permission` VALUES (19, 1, 9);
INSERT INTO `admin_role_permission` VALUES (3, 1, 10);
INSERT INTO `admin_role_permission` VALUES (4, 1, 11);
INSERT INTO `admin_role_permission` VALUES (15, 1, 12);
INSERT INTO `admin_role_permission` VALUES (16, 1, 13);
INSERT INTO `admin_role_permission` VALUES (8, 1, 14);
INSERT INTO `admin_role_permission` VALUES (20, 1, 36);
INSERT INTO `admin_role_permission` VALUES (21, 1, 37);
COMMIT;

-- ----------------------------
-- Table structure for admin_role_user
-- ----------------------------
DROP TABLE IF EXISTS `admin_role_user`;
CREATE TABLE `admin_role_user` (
  `id` int(10) unsigned NOT NULL AUTO_INCREMENT,
  `role_id` int(10) unsigned NOT NULL COMMENT '角色id',
  `user_id` int(10) unsigned NOT NULL COMMENT '用户id',
  PRIMARY KEY (`id`),
  UNIQUE KEY `user_role_idx` (`user_id`,`role_id`) USING BTREE
) ENGINE=InnoDB AUTO_INCREMENT=6 DEFAULT CHARSET=utf8;

-- ----------------------------
-- Records of admin_role_user
-- ----------------------------
BEGIN;
INSERT INTO `admin_role_user` VALUES (2, 1, 5);
INSERT INTO `admin_role_user` VALUES (3, 1, 6);
INSERT INTO `admin_role_user` VALUES (4, 1, 7);
INSERT INTO `admin_role_user` VALUES (5, 1, 8);
COMMIT;

-- ----------------------------
-- Table structure for admin_sessions
-- ----------------------------
DROP TABLE IF EXISTS `admin_sessions`;
CREATE TABLE `admin_sessions` (
  `id` varchar(255) CHARACTER SET utf8mb4 COLLATE utf8mb4_unicode_ci NOT NULL,
  `user_id` int(10) unsigned DEFAULT NULL,
  `ip_address` varchar(45) CHARACTER SET utf8mb4 COLLATE utf8mb4_unicode_ci DEFAULT NULL,
  `user_agent` text CHARACTER SET utf8mb4 COLLATE utf8mb4_unicode_ci,
  `payload` text CHARACTER SET utf8mb4 COLLATE utf8mb4_unicode_ci NOT NULL,
  `last_activity` int(11) NOT NULL,
  UNIQUE KEY `id_unique` (`id`)
) ENGINE=InnoDB DEFAULT CHARSET=utf8;

-- ----------------------------
-- Records of admin_sessions
-- ----------------------------
BEGIN;
INSERT INTO `admin_sessions` VALUES ('0CJkohfHvr4eWBZ3JBHObHSXASrbtGDsacBdC89s', 1, '127.0.0.1', 'Mozilla/5.0 (Macintosh; Intel Mac OS X 10_15_7) AppleWebKit/537.36 (KHTML, like Gecko) Chrome/86.0.4240.111 Safari/537.36', 'YTo0OntzOjY6Il90b2tlbiI7czo0MDoiSU1TQXVwYjFnWVh4OU9Dc2l2eVZ1alE0QVh3ZDhqTVlVSllmRWZrSiI7czo5OiJfcHJldmlvdXMiO2E6MTp7czozOiJ1cmwiO3M6NDI6Imh0dHA6Ly9sb2NhbC5jbXMuY29tL2NvbnRlbnQvYXJ0aWNsZS9pbmRleCI7fXM6NjoiX2ZsYXNoIjthOjI6e3M6Mzoib2xkIjthOjA6e31zOjM6Im5ldyI7YTowOnt9fXM6NTA6ImxvZ2luX3dlYl81OWJhMzZhZGRjMmIyZjk0MDE1ODBmMDE0YzdmNThlYTRlMzA5ODlkIjtpOjE7fQ==', 1603505825);
COMMIT;

-- ----------------------------
-- Table structure for admin_user
-- ----------------------------
DROP TABLE IF EXISTS `admin_user`;
CREATE TABLE `admin_user` (
  `id` int(10) unsigned NOT NULL AUTO_INCREMENT,
  `username` varchar(45) NOT NULL DEFAULT '' COMMENT '用户名',
  `password` varchar(255) NOT NULL DEFAULT '' COMMENT '密码',
  `realname` varchar(45) NOT NULL DEFAULT '' COMMENT '真实姓名',
  `phone` varchar(20) NOT NULL DEFAULT '' COMMENT '电话',
  `email` varchar(100) NOT NULL DEFAULT '' COMMENT '邮件',
  `last_login_ip` varchar(15) NOT NULL DEFAULT '' COMMENT '最后登录ip',
  `last_login_time` datetime DEFAULT NULL COMMENT '最后登录时间',
  `is_delete` tinyint(1) unsigned NOT NULL DEFAULT '1' COMMENT '1：正常 2删除',
  `status` tinyint(4) NOT NULL DEFAULT '1' COMMENT '状态： 1 - 正常  2 - 停用 3 - 删除',
  `remember_token` varchar(100) NOT NULL DEFAULT '' COMMENT '记住我',
  `created_at` datetime DEFAULT NULL COMMENT '创建时间',
  `updated_at` datetime DEFAULT NULL COMMENT '更新时间',
  PRIMARY KEY (`id`),
  UNIQUE KEY `username_idx` (`username`)
) ENGINE=InnoDB AUTO_INCREMENT=9 DEFAULT CHARSET=utf8 ROW_FORMAT=DYNAMIC;

-- ----------------------------
-- Records of admin_user
-- ----------------------------
BEGIN;
INSERT INTO `admin_user` VALUES (1, 'admin', '$2y$10$fqPosanzX8yQ2dVH7Km5oesXQ1ILu5RAbZVSdssnd4567vdWJQVPO', 'admin', '', '', '127.0.0.1', '2020-10-23 22:43:09', 1, 1, 'dwywcd3lb55IZFXBswqVCJVZxLWn2nZwPEEtAtjPcj3jhYKkZQyoWkvWTk4s', '2018-05-08 10:58:10', '2020-10-23 22:43:09');
INSERT INTO `admin_user` VALUES (5, 'zhangxin', '$2y$10$UaE5HSx3bptiXpw0XONfvu2ydrkAF0/KY2ImGMR1n0O/bFGyOj/hK', '张鑫111', '', '', '127.0.0.1', '2020-05-27 01:11:52', 2, 1, '', '2020-05-26 11:18:57', '2020-10-24 00:06:31');
INSERT INTO `admin_user` VALUES (6, 'zhangxin11', '$2y$10$dxxDV.DsF8P.TLaW8xSpXeXYWS.LwPkrtXjDUJvRfqlgYSVXe0b/O', '张鑫111', '', '', '', NULL, 2, 1, '', '2020-05-27 03:39:20', '2020-10-24 00:07:50');
INSERT INTO `admin_user` VALUES (7, 'zhangxin123', '$2y$10$NW08stXudVztzSHjAzWp4.BVii98mwGW3asu7WXp8U9xIa/UNvOiC', '张鑫', '', '', '', NULL, 2, 1, '', '2020-05-27 03:41:18', '2020-10-24 00:07:55');
INSERT INTO `admin_user` VALUES (8, '111', '$2y$10$Dk5DZ062VQk3UN3Q3YYRmOa5rbhys3tvQY1IWL3kdfUij7EN1VEIi', 'test', '', '', '', NULL, 1, 1, '', '2020-10-24 00:24:33', '2020-10-24 00:36:45');
COMMIT;

-- ----------------------------
-- Table structure for article
-- ----------------------------
DROP TABLE IF EXISTS `article`;
CREATE TABLE `article` (
  `id` mediumint(8) unsigned NOT NULL AUTO_INCREMENT,
  `cat_id` smallint(5) NOT NULL DEFAULT '0' COMMENT '分类id',
  `title` varchar(150) NOT NULL DEFAULT '' COMMENT '文章题目',
  `source` varchar(100) CHARACTER SET utf8mb4 NOT NULL DEFAULT '' COMMENT '来源',
  `browser` int(11) NOT NULL DEFAULT '0' COMMENT '浏览量',
  `keywords` varchar(255) CHARACTER SET utf8mb4 NOT NULL COMMENT '关键字',
  `content` longtext NOT NULL COMMENT '文章内容',
  `cover` varchar(255) CHARACTER SET utf8mb4 NOT NULL DEFAULT '' COMMENT '封面图',
  `description` varchar(255) NOT NULL DEFAULT '' COMMENT '描述',
  `sort` smallint(10) unsigned NOT NULL DEFAULT '999',
  `is_top` tinyint(1) NOT NULL DEFAULT '1' COMMENT '是否置顶 1：是 2：否',
  `is_recommend` tinyint(1) NOT NULL DEFAULT '1' COMMENT '1:是 2：否',
  `operator_name` varchar(150) NOT NULL DEFAULT '' COMMENT '操作人昵称',
  `operator_id` int(10) unsigned NOT NULL DEFAULT '0' COMMENT '操作人id',
  `status` tinyint(1) unsigned NOT NULL DEFAULT '1' COMMENT '1:正常 2：禁用',
  `is_delete` tinyint(1) unsigned NOT NULL DEFAULT '1' COMMENT '1:正常2：删除',
  `created_at` datetime DEFAULT NULL,
  `updated_at` datetime DEFAULT NULL,
  PRIMARY KEY (`id`) USING BTREE,
  KEY `cat_id` (`cat_id`) USING BTREE,
  KEY `title` (`title`) USING BTREE
) ENGINE=InnoDB AUTO_INCREMENT=4 DEFAULT CHARSET=utf8 ROW_FORMAT=DYNAMIC COMMENT='文章表';

-- ----------------------------
-- Records of article
-- ----------------------------
BEGIN;
INSERT INTO `article` VALUES (1, 3, '一个猎人', '董事长老酒', 0, '侧事故的', 'uhuyuyuygygyg', '/storage/20200902/image/b883c9028eaa17cbb9552b5e661647684205.jpg', 'hjhjhj', 999, 1, 1, 'admin', 1, 1, 2, '2020-09-02 11:46:58', '2020-10-24 02:16:29');
COMMIT;

-- ----------------------------
-- Table structure for article_category
-- ----------------------------
DROP TABLE IF EXISTS `article_category`;
CREATE TABLE `article_category` (
  `id` smallint(5) NOT NULL AUTO_INCREMENT,
  `desc` varchar(255) CHARACTER SET utf8mb4 NOT NULL COMMENT '描述',
  `name` varchar(255) NOT NULL DEFAULT '' COMMENT '分类名称',
  `sort` int(11) unsigned NOT NULL DEFAULT '50',
  `status` tinyint(1) unsigned NOT NULL DEFAULT '1' COMMENT '状态 1：显示2：隐藏',
  `is_delete` tinyint(1) unsigned NOT NULL DEFAULT '1' COMMENT '状态 1：正常2：删除',
  `keywords` varchar(255) CHARACTER SET utf8mb4 NOT NULL COMMENT '关键字',
  `parent_id` smallint(5) unsigned NOT NULL DEFAULT '0',
  `created_at` datetime DEFAULT NULL COMMENT '创建时间',
  `updated_at` datetime DEFAULT NULL,
  PRIMARY KEY (`id`) USING BTREE,
  KEY `sort_order` (`sort`) USING BTREE,
  KEY `parent_id` (`parent_id`) USING BTREE
) ENGINE=InnoDB AUTO_INCREMENT=4 DEFAULT CHARSET=utf8 ROW_FORMAT=DYNAMIC COMMENT='文章分类表';

-- ----------------------------
-- Records of article_category
-- ----------------------------
BEGIN;
INSERT INTO `article_category` VALUES (1, '11111', '111', 1, 1, 1, '111', 0, '2020-05-27 08:05:05', '2020-05-27 08:58:18');
INSERT INTO `article_category` VALUES (2, 'aaaa', '中材111', 2, 1, 1, 'aaa', 1, '2020-05-27 08:09:41', '2020-10-24 01:46:45');
INSERT INTO `article_category` VALUES (3, '22222', '中材', 0, 1, 1, '侧事故的', 0, '2020-05-27 08:53:06', '2020-05-27 08:58:18');
COMMIT;

-- ----------------------------
-- Table structure for link
-- ----------------------------
DROP TABLE IF EXISTS `link`;
CREATE TABLE `link` (
  `id` int(11) NOT NULL AUTO_INCREMENT,
  `title` varchar(255) NOT NULL COMMENT '网站名称',
  `url` varchar(255) NOT NULL DEFAULT '' COMMENT 'url',
  `status` tinyint(1) unsigned NOT NULL DEFAULT '1' COMMENT '是否显示 1：显示2：隐藏',
  `is_delete` tinyint(1) unsigned NOT NULL DEFAULT '1' COMMENT '1:正常2：删除',
  `img` varchar(255) NOT NULL,
  `sort` int(11) NOT NULL DEFAULT '50' COMMENT '排序',
  `created_at` datetime DEFAULT NULL COMMENT '创建时间',
  `updated_at` datetime DEFAULT NULL,
  PRIMARY KEY (`id`) USING BTREE
) ENGINE=InnoDB DEFAULT CHARSET=utf8mb4 COMMENT='轮播图';

-- ----------------------------
-- Records of link
-- ----------------------------
BEGIN;
COMMIT;

-- ----------------------------
-- Table structure for message
-- ----------------------------
DROP TABLE IF EXISTS `message`;
CREATE TABLE `message` (
  `id` int(11) NOT NULL AUTO_INCREMENT,
  `user_id` int(11) unsigned NOT NULL DEFAULT '0' COMMENT '用户user_id',
  `title` varchar(255) NOT NULL COMMENT '站内信标题',
  `content` varchar(255) NOT NULL COMMENT '站内信内容',
  `is_delete` tinyint(1) unsigned NOT NULL DEFAULT '1' COMMENT '是否删除 1：正常 2：删除',
  `is_read` tinyint(1) unsigned NOT NULL DEFAULT '2' COMMENT '是否已读 1：是 2：否',
  `created_time` datetime DEFAULT NULL COMMENT '站内信时间',
  `updated_time` timestamp NULL DEFAULT NULL ON UPDATE CURRENT_TIMESTAMP,
  PRIMARY KEY (`id`) USING BTREE,
  KEY `user_id` (`user_id`) USING BTREE
) ENGINE=MyISAM AUTO_INCREMENT=14 DEFAULT CHARSET=utf8mb4 ROW_FORMAT=DYNAMIC COMMENT='站内信表';

-- ----------------------------
-- Records of message
-- ----------------------------
BEGIN;
INSERT INTO `message` VALUES (1, 2, '用户注册', '你已成功注册成为医路畅通的会员', 1, 2, '2018-06-24 17:09:33', '2020-10-08 15:39:47');
INSERT INTO `message` VALUES (2, 1, '用户注册', '你已成功注册成为医路畅通的会员', 1, 2, '2018-06-24 17:09:33', '2020-10-08 13:51:54');
INSERT INTO `message` VALUES (3, 1, '用户注册', '你已成功注册成为医路畅通的会员', 1, 2, '2018-06-24 17:09:33', '2020-10-08 13:51:55');
INSERT INTO `message` VALUES (4, 1, '用户注册', '你已成功注册成为医路畅通的会员', 1, 2, '2018-06-24 17:09:33', '2020-10-08 13:51:55');
INSERT INTO `message` VALUES (5, 1, '用户注册', '你已成功注册成为医路畅通的会员', 1, 2, '2018-06-24 17:09:33', '2020-10-08 13:51:56');
INSERT INTO `message` VALUES (6, 1, '用户注册', '你已成功注册成为医路畅通的会员', 1, 2, '2018-06-24 17:09:33', '2020-10-08 13:51:57');
INSERT INTO `message` VALUES (7, 1, '用户注册', '你已成功注册成为医路畅通的会员', 1, 2, '2018-06-24 17:09:33', '2020-10-08 13:51:58');
INSERT INTO `message` VALUES (8, 1, '用户注册', '你已成功注册成为医路畅通的会员', 1, 2, '2018-06-24 17:09:33', '2020-10-08 13:51:59');
INSERT INTO `message` VALUES (9, 1, '用户注册', '你已成功注册成为医路畅通的会员', 1, 2, '2018-06-24 17:09:33', '2020-10-08 13:52:00');
INSERT INTO `message` VALUES (10, 1, '用户注册', '你已成功注册成为医路畅通的会员', 1, 2, '2018-06-24 17:09:33', '2020-10-08 13:52:01');
INSERT INTO `message` VALUES (11, 1, '用户注册', '你已成功注册成为医路畅通的会员', 1, 2, '2018-06-24 17:09:33', '2020-10-08 13:52:02');
INSERT INTO `message` VALUES (12, 1, '用户注册', '你已成功注册成为医路畅通的会员', 1, 2, '2018-06-24 17:09:33', '2020-10-08 13:52:03');
INSERT INTO `message` VALUES (13, 1, '用户注册', '你已成功注册成为医路畅通的会员', 1, 2, '2018-06-24 17:09:33', '2020-10-08 13:52:05');
COMMIT;

-- ----------------------------
-- Table structure for order
-- ----------------------------
DROP TABLE IF EXISTS `order`;
CREATE TABLE `order` (
  `id` int(10) unsigned NOT NULL AUTO_INCREMENT,
  `order_num` varchar(20) NOT NULL DEFAULT '' COMMENT '订单号',
  `user_id` char(20) CHARACTER SET utf8mb4 DEFAULT '' COMMENT '用户id',
  `order_status` tinyint(1) unsigned NOT NULL DEFAULT '1' COMMENT '订单状态1：待付款，2：待发货，3：已发货，4：已完成，5：已取消',
  `consignee` varchar(60) NOT NULL DEFAULT '' COMMENT '收货人的姓名',
  `province` smallint(5) unsigned NOT NULL DEFAULT '0' COMMENT '收货人的省份',
  `city` smallint(5) unsigned NOT NULL DEFAULT '0' COMMENT '收货人的城市',
  `district` smallint(5) unsigned NOT NULL DEFAULT '0' COMMENT '收货人的地区',
  `address` varchar(255) NOT NULL DEFAULT '' COMMENT '收货人的详细地址',
  `zipcode` varchar(60) NOT NULL DEFAULT '' COMMENT '收货人的邮编',
  `mobile` char(11) NOT NULL DEFAULT '' COMMENT '收货人的手机号',
  `email` varchar(60) NOT NULL DEFAULT '' COMMENT '收货人的Email',
  `pay_type` tinyint(3) NOT NULL DEFAULT '0' COMMENT '支付方式 1：微信 2：支付宝 ',
  `inv_payee` varchar(120) NOT NULL DEFAULT '' COMMENT '发票抬头,用户页面填写',
  `inv_content` varchar(120) NOT NULL DEFAULT '' COMMENT '发票内容',
  `inv_num` varchar(40) NOT NULL DEFAULT '' COMMENT '税号',
  `goods_amount` decimal(10,2) NOT NULL DEFAULT '0.00' COMMENT '商品的总金额',
  `order_amount` decimal(10,2) NOT NULL DEFAULT '0.00' COMMENT '应付款金额',
  `detail_money` decimal(10,2) NOT NULL DEFAULT '0.00' COMMENT '实付金额',
  `shipping_fee` decimal(10,2) NOT NULL DEFAULT '0.00' COMMENT '配送费用',
  `pay_fee` decimal(10,2) NOT NULL DEFAULT '0.00' COMMENT '支付费用',
  `integral_money` decimal(10,2) NOT NULL DEFAULT '0.00' COMMENT '使用积分金额',
  `bonus` decimal(10,2) NOT NULL DEFAULT '0.00' COMMENT '使用红包金额',
  `bonus_id` mediumint(8) NOT NULL DEFAULT '0' COMMENT '红包id',
  `inv_type` varchar(60) NOT NULL COMMENT '发票类型',
  `pay_time` datetime DEFAULT NULL COMMENT '支付时间',
  `shipping_time` datetime DEFAULT NULL COMMENT '发货时间',
  `created_at` datetime DEFAULT NULL COMMENT '创建时间',
  `updated_at` datetime DEFAULT NULL,
  PRIMARY KEY (`id`) USING BTREE,
  UNIQUE KEY `order_sn` (`order_num`) USING BTREE,
  UNIQUE KEY `user_id` (`user_id`) USING BTREE,
  KEY `order_status` (`order_status`) USING BTREE,
  KEY `pay_id` (`pay_type`) USING BTREE
) ENGINE=InnoDB DEFAULT CHARSET=utf8;

-- ----------------------------
-- Records of order
-- ----------------------------
BEGIN;
COMMIT;

-- ----------------------------
-- Table structure for slide
-- ----------------------------
DROP TABLE IF EXISTS `slide`;
CREATE TABLE `slide` (
  `id` int(11) NOT NULL AUTO_INCREMENT,
  `title` varchar(255) NOT NULL COMMENT '标题',
  `url` varchar(255) DEFAULT NULL COMMENT 'url',
  `status` tinyint(1) NOT NULL DEFAULT '1' COMMENT '是否显示1：显示2：隐藏',
  `img` varchar(255) NOT NULL,
  `is_delete` tinyint(1) unsigned NOT NULL DEFAULT '1' COMMENT '1:正常 2：删除',
  `sort` int(11) NOT NULL DEFAULT '50' COMMENT '排序',
  `created_at` datetime DEFAULT NULL COMMENT '创建时间',
  `updated_at` datetime DEFAULT NULL,
  PRIMARY KEY (`id`) USING BTREE
) ENGINE=InnoDB AUTO_INCREMENT=3 DEFAULT CHARSET=utf8mb4 ROW_FORMAT=DYNAMIC COMMENT='轮播图';

-- ----------------------------
-- Records of slide
-- ----------------------------
BEGIN;
INSERT INTO `slide` VALUES (1, '一个猎人', 'http://local.cms.com/', 1, '/storage/20201024/image/b5f4cfc575bc9146994892aa299f38f38975.jpg', 1, 999, '2020-09-02 11:45:29', '2020-10-24 01:32:19');
INSERT INTO `slide` VALUES (2, '一个猎人', 'http://qxapi.finunion.com.cn/wechat/wxapp/get-services', 1, '/storage/20201024/image/043ea311368f6a9bce6c9091fd73288f8266.jpg', 2, 999, '2020-10-24 01:32:41', '2020-10-24 01:40:37');
COMMIT;

-- ----------------------------
-- Table structure for user_account
-- ----------------------------
DROP TABLE IF EXISTS `user_account`;
CREATE TABLE `user_account` (
  `log_id` int(10) unsigned NOT NULL AUTO_INCREMENT,
  `user_id` char(20) NOT NULL DEFAULT '' COMMENT '用户user_id',
  `money` decimal(10,2) NOT NULL DEFAULT '0.00' COMMENT '金额',
  `symbol` tinyint(1) NOT NULL DEFAULT '1' COMMENT '1:消费 2：提现',
  `token` varchar(100) CHARACTER SET utf8mb4 NOT NULL COMMENT 'token',
  `item_id` char(20) NOT NULL DEFAULT '0' COMMENT '订单id',
  `type` mediumint(9) NOT NULL DEFAULT '1' COMMENT '类型 1：商品',
  `created_at` datetime DEFAULT NULL COMMENT '创建时间',
  `updated_at` datetime DEFAULT NULL,
  PRIMARY KEY (`log_id`) USING BTREE,
  UNIQUE KEY `token` (`token`) USING BTREE
) ENGINE=InnoDB DEFAULT CHARSET=utf8 COMMENT='资金记录';

-- ----------------------------
-- Records of user_account
-- ----------------------------
BEGIN;
COMMIT;

-- ----------------------------
-- Table structure for users
-- ----------------------------
DROP TABLE IF EXISTS `users`;
CREATE TABLE `users` (
  `id` int(10) unsigned NOT NULL AUTO_INCREMENT,
  `username` varchar(45) NOT NULL DEFAULT '' COMMENT '用户名',
  `password` varchar(255) NOT NULL DEFAULT '' COMMENT '密码',
  `realname` varchar(45) NOT NULL DEFAULT '' COMMENT '真实姓名',
  `phone` varchar(20) NOT NULL DEFAULT '' COMMENT '电话',
  `email` varchar(100) NOT NULL DEFAULT '' COMMENT '邮件',
  `last_login_ip` varchar(15) NOT NULL DEFAULT '' COMMENT '最后登录ip',
  `last_login_time` datetime DEFAULT NULL COMMENT '最后登录时间',
  `status` tinyint(4) NOT NULL DEFAULT '1' COMMENT '状态： 1 - 正常  2 - 停用 3 - 删除',
  `remember_token` varchar(100) NOT NULL DEFAULT '' COMMENT '记住我',
  `created_at` datetime NOT NULL COMMENT '创建时间',
  `updated_at` datetime NOT NULL ON UPDATE CURRENT_TIMESTAMP COMMENT '更新时间',
  PRIMARY KEY (`id`),
  UNIQUE KEY `username_idx` (`username`)
) ENGINE=InnoDB AUTO_INCREMENT=2 DEFAULT CHARSET=utf8 ROW_FORMAT=DYNAMIC;

-- ----------------------------
-- Records of users
-- ----------------------------
BEGIN;
INSERT INTO `users` VALUES (1, 'admin', '$2y$10$fqPosanzX8yQ2dVH7Km5oesXQ1ILu5RAbZVSdssnd4567vdWJQVPO', 'admin', '', '', '127.0.0.1', '2020-09-04 14:08:31', 1, 'dwywcd3lb55IZFXBswqVCJVZxLWn2nZwPEEtAtjPcj3jhYKkZQyoWkvWTk4s', '2018-05-08 10:58:10', '2020-09-04 14:08:31');
COMMIT;

SET FOREIGN_KEY_CHECKS = 1;
